id,domain,protocol,time_namelookup,time_connect,time_appconnect,time_pretransfer,time_redirect,time_starttransfer,time_total,remote_ip,remote_port
1,www.google.com,HTTP/3,1.36,3.88,72.81,76.05,0.0,129.2,134.41,172.217.16.68,443
5,www.facebook.com,HTTP/3,3.39,7.79,50.2,51.15,0.0,171.3,187.72,157.240.251.35,443
9,www.youtube.com,HTTP/3,37.88,51.67,103.83,105.78,0.0,202.63,322.86,172.217.16.78,443
10,www.googleapis.com,HTTP/3,1.36,3.91,58.25,59.82,0.0,172.96,173.04,142.251.209.138,443
11,www.cloudflare.com,HTTP/3,17.21,22.18,60.75,62.62,0.0,485.76,529.78,104.16.123.96,443
13,www.instagram.com,HTTP/3,27.0,32.52,69.47,70.39,0.0,207.2,371.5,157.240.251.174,443
15,www.gstatic.com,HTTP/3,23.28,31.79,82.73,84.14,0.0,105.85,105.95,142.250.181.195,443
19,www.linkedin.com,HTTP/3,4.86,7.37,45.74,46.9,0.0,332.47,346.61,172.64.146.215,443
21,www.googlevideo.com,HTTP/3,22.33,31.88,81.34,83.52,0.0,98.84,98.92,172.217.16.68,443
22,www.googletagmanager.com,HTTP/3,22.35,30.47,77.99,80.43,0.0,111.07,111.18,172.217.16.72,443
24,www.amazon.com,HTTP/3,79.52,84.85,122.95,124.24,0.0,241.86,241.98,18.64.97.76,443
25,www.fbcdn.net,HTTP/3,1.38,3.91,42.09,43.02,0.0,87.09,87.17,157.240.251.35,443
31,www.doubleclick.net,HTTP/3,14.44,15.97,68.28,69.83,0.0,84.53,84.64,142.250.181.206,443
32,www.googleusercontent.com,HTTP/3,43.95,55.67,106.61,108.77,0.0,123.71,123.82,142.250.181.193,443
41,www.bing.com,HTTP/3,19.97,24.72,65.68,69.19,0.0,114.57,131.37,95.100.248.219,443
42,www.wordpress.org,HTTP/3,85.5,128.2,299.49,300.76,0.0,406.19,406.3,198.143.164.252,443
49,www.pinterest.com,HTTP/3,29.44,31.98,71.66,73.27,0.0,340.84,459.59,23.58.101.39,443
58,www.goo.gl,HTTP/3,2215.2,2235.15,2291.89,2293.87,0.0,2330.59,2330.7,142.250.181.206,443
60,www.whatsapp.com,HTTP/3,42.68,57.71,95.42,96.36,0.0,390.31,458.78,157.240.251.60,443
64,www.spotify.com,HTTP/3,1.43,3.97,56.76,57.94,0.0,75.43,75.49,35.186.224.24,443
71,www.google-analytics.com,HTTP/3,16.56,30.27,82.12,83.69,0.0,101.5,101.64,142.251.209.142,443
72,www.bit.ly,HTTP/3,8.56,16.19,60.75,62.07,0.0,157.36,157.46,67.199.248.11,443
76,www.wordpress.com,HTTP/3,16.34,31.97,70.82,72.11,0.0,178.94,179.05,192.0.78.12,443
84,www.mozilla.org,HTTP/3,92.92,106.68,146.27,147.23,0.0,162.37,174.31,146.75.123.19,443
91,www.googleadservices.com,HTTP/3,1.23,3.7,51.97,54.21,0.0,69.18,69.66,172.217.19.66,443
92,www.blogspot.com,HTTP/3,34.96,48.4,99.88,101.84,0.0,665.02,665.18,142.250.181.201,443
96,www.googledomains.com,HTTP/3,42.36,53.3,101.06,102.65,0.0,118.24,118.34,216.239.32.29,443
101,www.reddit.com,HTTP/3,13.78,16.34,56.09,57.15,0.0,72.53,72.67,146.75.121.140,443
106,www.snapchat.com,HTTP/3,53.45,64.04,112.76,114.13,0.0,249.69,292.26,34.149.46.130,443
115,www.sentry.io,HTTP/3,1.55,4.08,41.82,43.13,0.0,50.88,50.94,34.160.100.224,443
121,www.gravatar.com,HTTP/3,1.28,3.75,41.85,43.1,0.0,431.96,432.03,192.0.73.2,443
125,www.dropbox.com,HTTP/3,1.45,3.91,54.13,55.22,0.0,284.02,820.4,162.125.66.18,443
129,www.tumblr.com,HTTP/3,14.74,16.18,68.53,70.76,0.0,85.47,128.7,192.0.77.40,443
137,www.t-online.de,HTTP/3,31.48,41.14,77.48,79.24,0.0,111.62,228.51,3.168.217.19,443
141,www.ui.com,HTTP/3,13.1,15.64,53.46,54.72,0.0,237.57,241.98,18.64.119.41,443
143,www.applovin.com,HTTP/3,32.91,37.1,74.85,76.71,0.0,280.88,301.55,141.193.213.20,443
145,www.epicgames.com,HTTP/3,29.04,31.64,70.01,71.87,0.0,96.65,97.26,104.18.21.94,443
151,www.paypal.com,HTTP/3,90.13,103.28,142.35,143.72,0.0,158.78,166.93,146.75.121.21,443
153,www.pki.goog,HTTP/3,44.31,56.71,104.34,105.83,0.0,116.83,116.9,172.217.16.78,443
162,www.medium.com,HTTP/3,19.35,23.73,60.63,62.5,0.0,74.53,74.63,162.159.153.4,443
167,www.cnn.com,HTTP/3,26.59,31.62,74.0,74.83,0.0,87.96,88.03,146.75.123.5,443
168,www.forbes.com,HTTP/3,14.42,16.22,53.32,54.07,0.0,73.22,130.68,146.75.121.55,443
175,www.w3.org,HTTP/3,74.09,80.82,117.95,119.81,0.0,148.49,156.41,104.18.23.19,443
177,www.theguardian.com,HTTP/3,14.72,16.33,52.92,53.81,0.0,67.06,67.15,146.75.121.111,443
192,www.android.com,HTTP/3,14.3,15.89,67.51,69.46,0.0,204.31,277.85,172.217.16.78,443
193,www.taobao.com,HTTP/3,224.51,241.09,279.64,281.24,0.0,299.31,335.46,163.181.92.223,443
197,www.ozon.ru,HTTP/3,41.26,64.84,141.57,142.49,0.0,179.54,179.66,185.73.194.82,443
201,www.taboola.com,HTTP/3,32.79,46.29,85.32,86.36,0.0,98.9,116.54,146.75.121.44,443
203,www.twitch.tv,HTTP/3,36.76,50.52,90.69,91.47,0.0,107.69,132.3,146.75.122.214,443
205,www.bbc.co.uk,HTTP/3,115.72,128.23,167.54,168.94,0.0,186.48,258.72,146.75.120.81,443
206,www.bbc.com,HTTP/3,100.0,113.77,157.35,159.31,0.0,194.93,250.66,146.75.120.81,443
213,www.sourceforge.net,HTTP/3,34.08,39.06,82.35,84.1,0.0,292.98,293.07,104.18.13.149,443
218,www.vungle.com,HTTP/3,26.37,30.15,73.99,75.75,0.0,575.5,575.59,141.193.213.11,443
224,www.withgoogle.com,HTTP/3,15.07,15.69,66.51,68.47,0.0,232.88,234.56,172.217.19.81,443
228,www.example.com,HTTP/3,119.44,128.2,171.92,174.15,0.0,181.72,182.01,2.22.231.13,443
229,www.pubmatic.com,HTTP/3,14.87,15.48,57.87,59.12,0.0,75.81,75.92,13.32.99.45,443
231,www.imdb.com,HTTP/3,78.02,83.96,122.52,124.15,0.0,241.58,241.73,3.162.88.172,443
234,www.researchgate.net,HTTP/3,11.21,15.62,61.58,64.6,0.0,79.08,79.18,104.18.41.9,443
237,www.openai.com,HTTP/3,30.99,31.53,85.22,87.2,0.0,101.27,101.88,172.64.154.211,443
240,www.who.int,HTTP/3,1.31,3.86,46.86,49.62,0.0,90.79,105.05,192.133.11.1,443
243,www.shopify.com,HTTP/3,20.5,25.83,69.21,71.11,0.0,145.85,212.53,172.64.145.93,443
247,www.youtube-nocookie.com,HTTP/3,21.08,31.87,80.98,82.97,0.0,106.4,110.77,142.251.209.142,443
248,www.discord.com,HTTP/3,16.98,21.48,64.22,66.4,0.0,75.87,75.96,162.159.138.232,443
250,www.hubspot.com,HTTP/3,22.27,26.84,69.14,71.03,0.0,163.06,227.57,104.18.39.114,443
252,www.wixsite.com,HTTP/3,22.81,32.39,78.29,79.26,0.0,219.02,219.11,34.144.206.118,443
254,www.tinyurl.com,HTTP/3,15.11,15.6,56.42,58.87,0.0,91.9,92.03,104.17.112.233,443
263,www.googleblog.com,HTTP/3,32.78,41.24,90.9,93.62,0.0,214.41,214.57,142.250.181.193,443
265,www.crashlytics.com,HTTP/3,19.19,30.02,79.18,80.6,0.0,91.56,91.63,142.250.181.206,443
266,www.tradingview.com,HTTP/3,32.55,38.78,78.96,80.23,0.0,98.09,184.94,18.66.2.79,443
267,www.issuu.com,HTTP/3,15.01,15.64,58.12,58.91,0.0,73.14,73.22,146.75.121.55,443
271,www.amazon.co.uk,HTTP/3,45.23,50.58,88.63,89.89,0.0,208.37,208.85,18.64.109.114,443
275,www.ampproject.org,HTTP/3,24.99,31.64,75.95,77.34,0.0,92.29,92.4,199.36.158.100,443
276,www.mtgglobals.com,HTTP/3,47.9,53.44,92.09,93.33,0.0,98.01,100.7,3.160.39.65,443
287,www.google.com.br,HTTP/3,16.62,27.41,79.83,81.6,0.0,127.12,135.27,142.251.209.131,443
292,www.cpanel.net,HTTP/3,143.78,148.85,187.31,188.56,0.0,733.48,739.96,172.64.152.231,443
295,www.go.com,HTTP/3,17.37,23.83,61.38,62.68,0.0,452.95,733.93,18.64.79.112,443
310,www.wiley.com,HTTP/3,176.44,181.48,220.68,222.55,0.0,261.45,261.55,172.64.145.177,443
317,www.ea.com,HTTP/3,26.11,31.6,74.92,76.49,0.0,107.64,133.69,23.58.100.197,443
318,www.slideshare.net,HTTP/3,27.94,32.44,76.6,77.55,0.0,715.73,894.62,146.75.122.152,443
319,www.branch.io,HTTP/3,29.33,31.9,71.2,73.19,0.0,243.72,253.05,141.193.213.20,443
321,www.forter.com,HTTP/3,20.1,24.81,64.4,66.28,0.0,308.15,339.25,141.193.213.21,443
327,www.alibaba.com,HTTP/3,63.99,70.41,108.82,110.92,0.0,224.53,272.13,104.86.42.192,443
328,www.googletagservices.com,HTTP/3,16.93,31.34,84.03,85.51,0.0,103.21,103.32,172.217.16.66,443
329,www.nature.com,HTTP/3,44.0,57.41,95.55,96.49,0.0,177.99,178.1,146.75.120.95,443
332,www.pages.dev,HTTP/3,31.63,49.96,87.95,89.79,0.0,133.71,133.77,188.114.96.3,443
349,www.springer.com,HTTP/3,1.22,3.68,40.68,41.61,0.0,81.22,81.3,146.75.120.95,443
371,www.google.de,HTTP/3,4.68,6.22,86.12,87.65,0.0,140.71,150.48,142.251.209.131,443
375,www.pixabay.com,HTTP/3,16.3,21.15,59.75,61.66,0.0,477.64,477.78,104.18.40.96,443
392,www.independent.co.uk,HTTP/3,42.19,55.35,93.36,94.12,0.0,125.08,178.82,146.75.121.91,443
396,www.indeed.com,HTTP/3,15.7,20.43,69.54,71.38,0.0,81.81,85.81,162.159.129.67,443
397,www.deepintent.com,HTTP/3,27.97,32.13,72.84,75.61,0.0,274.05,312.34,141.193.213.21,443
400,www.autodesk.com,HTTP/3,27.58,32.18,84.75,87.86,0.0,97.1,97.31,23.58.102.76,443
411,www.quora.com,HTTP/3,3.58,7.8,60.53,62.05,0.0,85.83,195.45,162.159.152.17,443
414,www.google.co.uk,HTTP/3,17.53,26.47,78.74,80.27,0.0,132.01,139.54,172.217.16.67,443
420,www.temu.com,HTTP/3,63.6,70.42,112.78,115.56,0.0,191.79,191.92,172.64.144.50,443
423,www.globo.com,HTTP/3,237.07,251.34,310.61,312.16,0.0,428.71,1217.2,34.107.153.189,443
439,www.amazon.de,HTTP/3,2.18,3.72,42.62,43.85,0.0,80.96,81.54,3.168.220.138,443
442,www.intel.com,HTTP/3,71.35,76.58,119.6,122.04,0.0,131.42,131.52,104.81.15.90,443
444,www.kwai-pro.com,HTTP/3,63.02,64.62,116.42,117.95,0.0,356.84,356.94,173.222.107.82,443
449,www.giphy.com,HTTP/3,29.55,32.19,80.35,81.12,0.0,93.56,93.7,146.75.121.155,443
452,www.teamviewer.com,HTTP/3,14.87,21.48,1030.32,1039.8,0.0,1064.34,1064.41,104.16.63.16,443
455,www.mozilla.com,HTTP/3,55.76,64.67,114.91,116.47,0.0,269.85,269.95,35.190.14.201,443
456,www.wired.com,HTTP/3,16.24,21.24,64.84,66.39,0.0,98.7,215.31,18.64.79.109,443
457,www.g.page,HTTP/3,37.48,51.93,117.79,120.45,0.0,173.4,173.58,172.217.16.78,443
459,www.time.com,HTTP/3,30.68,31.65,85.08,86.46,0.0,99.08,110.46,146.75.123.52,443
461,www.behance.net,HTTP/3,31.96,45.52,88.06,89.0,0.0,103.79,103.87,151.101.129.197,443
464,www.usatoday.com,HTTP/3,15.01,15.89,54.31,55.38,0.0,68.71,68.79,146.75.122.62,443
468,www.mediatek.com,HTTP/3,181.65,186.42,224.64,226.55,0.0,297.23,315.81,199.60.103.31,443
473,www.addtoany.com,HTTP/3,19.16,25.2,74.48,76.37,0.0,91.39,100.41,104.22.70.197,443
486,www.ft.com,HTTP/3,29.58,32.24,70.55,71.94,0.0,569.26,621.28,146.75.122.46,443
487,www.scribd.com,HTTP/3,1.38,3.89,42.65,43.63,0.0,772.49,972.37,146.75.122.152,443
493,www.indiatimes.com,HTTP/3,14.08,15.6,53.53,54.95,0.0,68.08,68.16,95.100.248.205,443
494,www.myshopify.com,HTTP/3,3.52,8.04,46.07,48.32,0.0,207.66,229.31,23.227.38.74,443
495,www.wix.com,HTTP/3,15.78,32.34,70.53,71.47,0.0,106.46,335.87,34.149.87.45,443
497,www.cnet.com,HTTP/3,21.3,31.87,70.54,71.48,0.0,211.5,528.23,146.75.121.91,443
499,www.ietf.org,HTTP/3,18.25,22.67,61.09,62.82,0.0,119.14,222.39,104.16.45.99,443
500,www.rlcdn.com,HTTP/3,8.74,16.51,1038.49,1041.75,0.0,1162.08,1162.16,35.244.154.8,443
502,www.google.com.hk,HTTP/3,24.66,32.27,84.13,85.59,0.0,129.81,141.79,142.250.181.195,443
505,www.berkeley.edu,HTTP/3,168.0,172.74,224.09,225.94,0.0,1085.99,1104.54,141.193.213.20,443
506,www.apnews.com,HTTP/3,14.58,16.18,54.23,56.08,0.0,143.1,426.15,104.16.23.8,443
509,www.media.net,HTTP/3,28.24,36.87,80.38,81.41,0.0,301.9,312.78,23.222.84.29,443
516,www.blogger.com,HTTP/3,24.02,31.6,91.02,92.73,0.0,139.52,139.63,142.250.181.201,443
520,www.target.com,HTTP/3,28.23,31.8,70.31,71.5,0.0,709.46,938.14,146.75.122.187,443
522,www.google.ca,HTTP/3,14.96,15.47,65.82,67.24,0.0,118.37,124.09,142.251.209.131,443
531,www.plesk.com,HTTP/3,9.5,14.13,52.43,54.3,0.0,487.65,789.96,172.64.147.135,443
533,www.google.fr,HTTP/3,21.52,32.12,80.6,82.18,0.0,127.2,134.87,142.250.181.195,443
535,www.deepl.com,HTTP/3,27.52,31.92,70.7,71.75,0.0,156.25,156.37,104.18.39.209,443
542,www.britannica.com,HTTP/3,27.13,31.81,71.97,73.88,0.0,299.15,326.62,104.18.4.110,443
550,www.buzzfeed.com,HTTP/3,27.6,32.22,70.2,71.03,0.0,93.06,290.05,146.75.122.114,443
559,www.google.co.jp,HTTP/3,15.67,29.38,81.07,82.95,0.0,133.61,140.19,142.250.181.195,443
563,www.tripadvisor.com,HTTP/3,25.8,32.49,72.41,73.47,0.0,187.0,187.12,146.75.122.40,443
568,www.tandfonline.com,HTTP/3,14.77,15.37,54.31,56.19,0.0,65.26,65.9,104.18.39.123,443
573,www.merriam-webster.com,HTTP/3,39.92,44.73,85.74,87.03,0.0,198.44,295.77,18.64.103.48,443
580,www.amazon.co.jp,HTTP/3,73.62,78.91,129.77,131.1,0.0,321.65,750.18,23.58.102.147,443
589,www.shutterstock.com,HTTP/3,41.13,45.77,83.18,84.76,0.0,127.7,127.8,18.64.79.43,443
613,www.yelp.com,HTTP/3,26.34,31.91,70.11,71.16,0.0,89.06,89.18,146.75.120.116,443
615,www.optimizely.com,HTTP/3,15.59,19.98,58.16,59.99,0.0,563.85,650.14,172.64.145.187,443
621,www.fandom.com,HTTP/3,14.43,16.02,54.27,55.04,0.0,68.77,86.02,199.232.212.194,443
623,www.threads.net,HTTP/3,8.19,15.78,54.4,55.34,0.0,165.46,165.53,157.240.251.63,443
624,www.google.co.in,HTTP/3,19.15,30.09,78.03,79.48,0.0,126.71,132.24,142.251.209.131,443
628,www.delfi.lt,HTTP/3,79.96,84.24,121.87,123.63,0.0,613.61,680.68,104.22.26.85,443
632,www.tapad.com,HTTP/3,15.78,28.36,76.18,77.62,0.0,197.94,222.05,34.96.66.233,443
633,www.google.es,HTTP/3,16.9,27.74,75.74,77.28,0.0,123.49,130.69,142.250.181.195,443
646,www.fb.com,HTTP/3,2.18,3.73,40.79,41.72,0.0,110.02,110.1,157.240.251.35,443
650,www.google.it,HTTP/3,14.53,16.03,63.44,65.01,0.0,120.12,126.27,142.250.181.195,443
655,www.pendo.io,HTTP/3,30.02,32.64,74.78,76.65,0.0,255.32,280.58,141.193.213.20,443
656,www.theverge.com,HTTP/3,16.88,30.67,68.86,69.75,0.0,85.85,172.79,146.75.121.91,443
661,www.myspace.com,HTTP/3,46.98,59.83,108.41,110.15,0.0,215.24,215.3,34.111.176.156,443
662,www.intercom.io,HTTP/3,12.67,16.22,54.52,55.78,0.0,59.85,59.92,18.64.103.50,443
663,www.amazon.ca,HTTP/3,64.71,77.94,115.91,117.25,0.0,522.89,523.35,162.219.226.231,443
666,www.box.com,HTTP/3,131.0,135.32,173.38,174.53,0.0,195.2,230.83,103.116.7.20,443
668,www.brave.com,HTTP/3,23.94,30.47,68.46,69.69,0.0,73.73,73.78,18.64.79.55,443
672,www.amazon.fr,HTTP/3,44.44,49.84,88.57,89.84,0.0,215.4,215.93,3.168.215.122,443
676,www.latimes.com,HTTP/3,85.62,90.61,131.72,133.31,0.0,150.92,291.53,3.160.39.116,443
684,www.amazon.in,HTTP/3,54.07,59.63,99.35,100.65,0.0,195.72,196.23,3.162.87.48,443
700,www.webmd.com,HTTP/3,14.66,16.26,54.53,56.38,0.0,236.93,270.24,172.64.153.18,443
710,www.gumgum.com,HTTP/3,12.37,15.94,54.19,55.74,0.0,59.66,59.73,3.162.79.41,443
712,www.airbnb.com,HTTP/3,41.92,46.61,84.97,86.44,0.0,758.63,920.56,95.100.248.218,443
713,www.mediafire.com,HTTP/3,8.76,12.83,50.86,52.2,0.0,485.33,624.55,104.17.150.117,443
716,www.bugsnag.com,HTTP/3,22.2,27.14,66.59,68.36,0.0,639.05,649.08,162.159.140.69,443
722,www.wyzecam.com,HTTP/3,15.2,15.72,54.96,56.6,0.0,85.9,86.0,104.21.2.148,443
723,www.appspot.com,HTTP/3,20.54,29.01,74.0,75.58,0.0,88.02,88.14,142.251.209.142,443
731,www.attn.tv,HTTP/3,48.28,52.17,94.23,96.11,0.0,509.17,509.25,104.18.43.135,443
745,www.typeform.com,HTTP/3,21.99,27.06,67.7,69.29,0.0,185.34,219.03,18.64.79.126,443
749,www.discordapp.com,HTTP/3,9.62,14.15,51.93,53.78,0.0,64.33,64.42,162.159.134.233,443
751,www.nikkei.com,HTTP/3,297.67,311.35,349.95,350.71,0.0,367.57,431.99,146.75.121.55,443
758,www.heylink.me,HTTP/3,20.55,32.17,70.67,72.53,0.0,101.13,101.75,104.18.160.220,443
765,www.name.com,HTTP/3,15.83,20.08,59.85,61.77,0.0,98.13,123.27,104.18.7.161,443
768,www.bandcamp.com,HTTP/3,2.39,3.88,42.93,43.69,0.0,183.2,183.27,151.101.193.91,443
769,www.perfectdomain.com,HTTP/3,14.98,15.4,54.95,56.84,0.0,70.69,71.3,172.67.73.220,443
770,www.mgid.com,HTTP/3,8.7,12.83,51.37,53.22,0.0,64.95,104.22,104.17.200.65,443
771,www.google.cn,HTTP/3,32.67,46.33,99.6,101.07,0.0,143.44,143.59,142.250.181.195,443
772,www.amazon.it,HTTP/3,43.83,49.87,88.96,90.25,0.0,208.29,208.77,18.66.1.24,443
785,www.onlyfans.com,HTTP/3,15.36,19.42,56.84,58.58,0.0,70.9,71.57,172.66.0.144,443
787,www.xbox.com,HTTP/3,13.38,15.9,53.91,56.61,0.0,63.03,63.11,23.58.100.71,443
790,www.allaboutcookies.org,HTTP/3,21.91,26.52,65.11,66.96,0.0,77.73,77.81,104.20.200.67,443
791,www.liftoff.io,HTTP/3,16.23,20.17,57.9,59.76,0.0,246.3,262.05,141.193.213.21,443
793,www.sportradar.com,HTTP/3,26.72,30.96,69.41,71.25,0.0,142.66,142.84,141.193.213.21,443
797,www.nest.com,HTTP/3,16.27,31.84,80.31,82.23,0.0,93.98,94.05,35.241.20.76,443
798,www.recaptcha.net,HTTP/3,17.86,28.97,78.86,81.89,0.0,99.71,99.82,172.217.16.67,443
800,www.substack.com,HTTP/3,17.07,20.88,59.57,61.51,0.0,186.64,186.78,172.64.150.56,443
802,www.life360.com,HTTP/3,61.08,63.81,101.16,102.89,0.0,109.88,110.21,172.64.150.16,443
811,www.linode.com,HTTP/3,25.44,30.88,68.04,69.17,0.0,1087.28,1103.99,95.100.248.200,443
813,www.huffingtonpost.com,HTTP/3,41.05,55.08,92.77,93.69,0.0,105.87,105.99,146.75.122.114,443
814,www.arxiv.org,HTTP/3,117.22,127.83,168.02,169.45,0.0,287.06,290.8,151.101.131.42,443
815,www.upwork.com,HTTP/3,13.99,15.56,53.65,54.72,0.0,64.51,65.12,104.18.89.237,443
816,www.google.pl,HTTP/3,22.53,32.15,79.24,80.65,0.0,129.18,133.79,142.250.181.195,443
822,www.amazon.es,HTTP/3,60.52,64.17,102.73,103.97,0.0,141.63,142.16,18.66.10.222,443
831,www.fbsbx.com,HTTP/3,8.49,15.99,54.39,55.36,0.0,134.38,134.73,157.240.251.6,443
832,www.unpkg.com,HTTP/3,15.46,20.37,58.38,60.24,0.0,328.87,331.93,104.18.1.22,443
835,www.spotifycdn.com,HTTP/3,28.16,31.74,73.3,74.04,0.0,86.66,86.74,146.75.122.250,443
846,www.google.com.tr,HTTP/3,17.72,28.39,77.4,79.58,0.0,125.8,131.89,172.217.19.67,443
848,www.google.com.mx,HTTP/3,14.62,16.24,61.57,62.99,0.0,105.84,112.36,142.251.209.131,443
850,www.spamhaus.org,HTTP/3,69.47,73.82,112.98,114.86,0.0,161.43,202.01,104.16.198.238,443
856,www.coingecko.com,HTTP/3,14.97,15.4,53.58,55.35,0.0,68.5,69.06,104.18.5.118,443
863,www.mozilla.net,HTTP/3,13.38,15.95,67.09,68.53,0.0,224.44,224.56,35.190.14.201,443
868,www.huffpost.com,HTTP/3,14.44,16.01,54.04,55.02,0.0,69.33,148.25,146.75.122.114,443
869,www.discogs.com,HTTP/3,24.61,29.42,68.66,70.44,0.0,85.92,86.54,172.64.151.54,443
870,www.kick.com,HTTP/3,18.02,22.05,61.23,63.16,0.0,74.41,75.03,172.64.147.227,443
873,www.smartthings.com,HTTP/3,18.5,24.91,64.45,65.72,0.0,94.7,94.77,18.64.79.46,443
874,www.biblegateway.com,HTTP/3,44.4,50.17,88.59,89.94,0.0,233.01,243.4,18.66.2.43,443
875,www.freepik.com,HTTP/3,15.65,32.29,119.78,121.64,0.0,386.41,446.61,2.22.231.10,443
889,www.g.co,HTTP/3,38.57,55.5,104.46,107.68,0.0,118.76,118.84,172.217.16.78,443
890,www.firefox.com,HTTP/3,13.49,16.04,53.97,54.89,0.0,211.23,211.33,35.190.14.201,443
891,www.adblockplus.org,HTTP/3,26.31,31.95,69.35,70.77,0.0,84.97,85.06,199.36.158.100,443
896,www.amazon.com.br,HTTP/3,101.58,106.37,144.58,145.93,0.0,269.89,270.15,23.58.102.150,443
903,www.chess.com,HTTP/3,15.21,15.64,52.89,54.75,0.0,312.98,349.56,104.18.140.67,443
904,www.chaturbate.com,HTTP/3,14.79,16.28,54.0,56.15,0.0,220.94,221.24,104.16.45.196,443
916,www.readthedocs.io,HTTP/3,18.83,23.86,61.41,63.3,0.0,92.98,93.08,104.16.254.120,443
919,www.onesignal.com,HTTP/3,15.58,19.37,59.57,61.4,0.0,76.62,76.7,104.17.111.223,443
922,www.openstreetmap.org,HTTP/3,14.47,16.1,56.61,59.25,0.0,125.82,140.62,104.21.88.66,443
923,www.repubblica.it,HTTP/3,32.27,37.12,74.95,76.28,0.0,93.85,134.43,3.162.79.20,443
930,www.pexels.com,HTTP/3,14.58,16.1,53.34,55.07,0.0,69.87,70.26,104.18.67.220,443
931,www.onet.pl,HTTP/3,17.63,21.21,62.21,63.3,0.0,79.8,185.87,18.64.119.68,443
933,www.curseforge.com,HTTP/3,20.69,32.25,70.65,72.49,0.0,98.33,98.95,104.17.29.3,443
937,www.character.ai,HTTP/3,15.5,20.28,58.79,60.67,0.0,68.89,68.97,104.18.223.226,443
940,www.python.org,HTTP/3,14.91,15.46,54.16,54.94,0.0,66.93,78.74,151.101.192.223,443
945,www.alphonso.tv,HTTP/3,21.81,25.64,63.91,65.66,0.0,646.71,646.79,141.193.213.11,443
950,www.ryanair.com,HTTP/3,39.46,44.66,89.27,90.5,0.0,94.85,94.92,3.168.217.102,443
951,www.express.co.uk,HTTP/3,32.5,37.79,82.35,83.86,0.0,259.39,320.62,18.66.2.32,443
954,www.eporner.com,HTTP/3,2.01,3.51,64.25,66.37,0.0,494.78,505.36,94.75.220.10,443
960,www.ancestry.com,HTTP/3,30.5,32.27,75.83,78.05,0.0,102.03,108.1,104.18.39.182,443
964,www.figma.com,HTTP/3,17.95,24.22,65.99,67.24,0.0,85.17,157.66,18.64.119.68,443
976,www.umich.edu,HTTP/3,2.44,4.08,60.57,63.69,0.0,536.8,536.93,172.66.0.37,443
977,www.pixiv.net,HTTP/3,4.89,7.41,48.02,50.14,0.0,393.23,399.74,172.64.145.17,443
980,www.jetbrains.com,HTTP/3,15.73,21.13,80.17,82.28,0.0,101.87,109.63,3.162.79.28,443
990,www.economist.com,HTTP/3,38.89,43.45,81.62,83.49,0.0,553.11,1080.38,172.64.145.237,443
993,www.wikihow.com,HTTP/3,1.63,4.19,42.68,43.42,0.0,57.4,57.48,146.75.121.91,443
1008,www.amazon.com.mx,HTTP/3,44.96,50.94,91.72,92.97,0.0,539.58,741.05,18.64.94.228,443
1021,www.bol.com,HTTP/3,33.43,38.5,85.08,86.66,0.0,129.08,129.21,95.100.248.208,443
1028,www.screenrant.com,HTTP/3,1.77,3.38,111.3,113.33,0.0,225.89,226.03,34.202.200.131,443
1031,www.sportskeeda.com,HTTP/3,21.19,25.41,64.87,66.71,0.0,90.03,233.29,104.18.15.169,443
1032,www.goal.com,HTTP/3,33.26,37.69,78.95,79.99,0.0,84.32,84.39,95.100.248.202,443
1038,www.businesswire.com,HTTP/3,36.62,41.9,80.75,83.23,0.0,98.93,99.08,104.81.14.54,443
1039,www.sportybet.com,HTTP/3,32.13,37.54,77.58,78.84,0.0,347.19,347.31,18.64.79.122,443
1045,www.terra.com.br,HTTP/3,60.11,63.71,106.56,107.7,0.0,1246.52,1283.21,2.22.231.12,443
1049,www.jstor.org,HTTP/3,105.63,118.88,160.91,161.86,0.0,467.64,471.29,146.75.120.152,443
1069,www.hotstar.com,HTTP/3,21.26,25.71,63.85,64.9,0.0,832.38,850.15,95.100.248.204,443
1071,www.meethue.com,HTTP/3,115.69,128.32,176.13,177.62,0.0,189.07,189.13,34.120.225.113,443
1074,www.poki.com,HTTP/3,18.33,31.88,69.65,71.47,0.0,104.69,104.79,104.18.144.9,443
1081,www.google.ru,HTTP/3,17.75,26.06,70.78,72.25,0.0,113.84,120.17,142.250.181.195,443
1086,www.jimdo.com,HTTP/3,22.23,27.3,65.07,66.89,0.0,81.95,139.09,172.64.145.154,443
1088,www.spankbang.com,HTTP/3,10.99,15.34,56.07,58.28,0.0,65.7,67.13,104.19.239.156,443
1093,www.xhamster.desi,HTTP/3,16.25,31.69,68.5,69.78,0.0,187.05,187.14,172.67.202.84,443
1096,www.ameba.jp,HTTP/3,27.34,31.96,68.68,69.59,0.0,543.87,1659.94,199.232.209.91,443
1109,www.clarin.com,HTTP/3,15.44,19.43,57.66,59.42,0.0,124.15,440.9,104.18.6.141,443
1112,www.nintendo.com,HTTP/3,27.07,31.65,70.21,71.23,0.0,83.8,83.88,146.75.121.55,443
1117,www.20minutos.es,HTTP/3,28.63,32.23,70.38,71.68,0.0,109.77,138.23,18.66.2.26,443
1124,www.mlb.com,HTTP/3,31.41,128.2,165.7,166.82,0.0,337.67,824.06,199.232.89.91,443
1125,www.fb.me,HTTP/3,2.25,3.74,45.38,46.28,0.0,90.78,90.86,157.240.251.35,443
1126,www.wise.com,HTTP/3,15.68,19.44,66.97,68.42,0.0,87.37,87.46,104.18.39.116,443
1131,www.sonobi.com,HTTP/3,15.5,32.23,90.94,92.51,0.0,111.08,111.17,192.124.249.80,443
1132,www.archiveofourown.org,HTTP/3,16.4,21.23,59.56,61.44,0.0,224.35,224.47,104.20.8.2,443
1137,www.aftonbladet.se,HTTP/3,61.34,63.92,101.71,102.95,0.0,118.86,193.87,18.64.103.90,443
1139,www.flashscore.com,HTTP/3,23.04,31.74,72.98,73.92,0.0,90.27,144.74,34.96.84.62,443
1140,www.biomedcentral.com,HTTP/3,14.61,16.14,54.54,55.52,0.0,150.85,176.91,146.75.120.95,443
1141,www.hltv.org,HTTP/3,15.49,19.44,58.23,60.42,0.0,71.16,71.78,172.64.146.44,443
1143,www.newyorker.com,HTTP/3,26.3,31.87,69.73,71.31,0.0,114.95,288.58,18.64.103.63,443
1147,www.plos.org,HTTP/3,31.95,36.51,91.36,93.33,0.0,302.86,302.98,162.159.135.42,443
1148,www.youporn.com,HTTP/3,2.17,3.85,48.36,50.12,0.0,332.59,409.44,66.254.114.79,443
1152,www.akismet.com,HTTP/3,29.88,31.57,78.14,80.09,0.0,180.45,180.56,192.0.78.25,443
1155,www.rule34.xxx,HTTP/3,14.92,15.48,56.93,58.81,0.0,70.56,71.13,104.22.19.113,443
1167,www.notion.so,HTTP/3,1.7,4.23,43.3,45.22,0.0,272.2,272.72,208.103.161.1,443
1172,www.faphouse.com,HTTP/3,18.22,23.24,61.32,63.24,0.0,128.11,128.21,172.64.151.237,443
1176,www.vg.no,HTTP/3,39.38,45.13,97.28,99.33,0.0,193.23,352.78,18.64.79.115,443
1185,www.pravda.ru,HTTP/3,15.17,15.74,57.0,58.93,0.0,70.97,71.68,104.22.12.223,443
1199,www.cookpad.com,HTTP/3,30.76,32.39,70.73,71.97,0.0,75.49,75.57,3.168.217.50,443
1217,www.janitorai.com,HTTP/3,17.37,22.08,60.03,62.03,0.0,78.33,78.78,104.18.36.27,443
1222,www.zdnet.com,HTTP/3,40.18,55.07,95.52,96.47,0.0,288.25,387.51,146.75.121.91,443
1226,www.redtube.com,HTTP/3,1.67,4.15,41.85,43.71,0.0,282.82,408.46,66.254.114.238,443
1227,www.trustarc.com,HTTP/3,26.89,30.86,69.3,71.05,0.0,221.85,221.93,141.193.213.20,443
1228,www.fdown.net,HTTP/3,27.24,31.84,73.38,75.11,0.0,83.96,84.39,104.26.6.202,443
1229,www.tgju.org,HTTP/3,16.74,32.37,70.15,72.01,0.0,109.0,779.22,104.26.14.85,443
1234,www.fanfiction.net,HTTP/3,14.56,16.11,53.65,55.47,0.0,65.91,66.53,104.18.18.242,443
1236,www.indiamart.com,HTTP/3,15.9,32.36,83.25,85.3,0.0,308.26,308.45,35.190.37.46,443
1237,www.esxdos.org,HTTP/3,58.68,64.22,129.7,130.78,0.0,162.75,162.84,185.194.90.10,443
1238,www.unmsapp.com,HTTP/3,31.71,37.67,75.91,77.15,0.0,81.16,81.24,3.168.217.11,443
1245,www.livescore.com,HTTP/3,21.59,31.67,76.87,78.49,0.0,86.45,86.51,34.117.66.109,443
1256,www.googleapis.cn,HTTP/3,14.58,16.17,65.24,67.25,0.0,180.37,180.47,172.217.16.67,443
1257,www.fetlife.com,HTTP/3,15.86,22.48,60.7,62.78,0.0,83.29,83.89,104.18.2.224,443
1260,www.4chan.org,HTTP/3,15.11,15.59,54.07,55.93,0.0,82.97,83.05,104.16.229.229,443
1273,www.business.site,HTTP/3,2.01,3.55,53.97,55.4,0.0,167.94,168.04,172.217.16.78,443
1274,www.xhamster2.com,HTTP/3,17.25,31.8,69.76,71.03,0.0,257.34,257.44,172.67.215.239,443
1283,www.constantcontact.com,HTTP/3,28.64,32.2,70.91,72.84,0.0,97.91,98.53,104.18.128.207,443
1288,www.amazon.eg,HTTP/3,54.99,61.42,100.61,102.2,0.0,261.01,351.05,18.64.119.49,443
1290,www.meesho.com,HTTP/3,34.56,60.78,99.54,101.8,0.0,112.13,112.23,95.100.248.224,443
1294,www.donmai.us,HTTP/3,17.8,21.74,60.83,62.59,0.0,598.16,598.29,104.26.10.39,443
1296,www.namu.wiki,HTTP/3,15.31,15.84,55.09,57.04,0.0,72.92,73.06,104.16.219.109,443
1300,www.oneindia.com,HTTP/3,17.1,22.83,62.26,64.44,0.0,74.33,74.7,104.18.43.175,443
1302,www.futbin.com,HTTP/3,9.01,15.58,54.35,56.23,0.0,77.53,78.15,104.16.242.69,443
1317,www.ilmessaggero.it,HTTP/3,45.08,59.24,112.74,114.74,0.0,194.45,270.03,34.149.236.87,443
1321,www.stripchat.com,HTTP/3,14.01,15.57,54.18,56.1,0.0,125.78,125.92,104.17.117.12,443
1327,www.gamer.com.tw,HTTP/3,15.59,19.35,56.72,58.6,0.0,494.81,541.62,104.16.223.104,443
1332,www.justdial.com,HTTP/3,14.37,15.95,54.5,55.87,0.0,70.68,70.83,23.63.129.36,443
1337,www.unifi-ai.com,HTTP/3,17.74,31.04,69.48,70.41,0.0,190.22,190.28,35.244.131.207,443
1345,www.imhentai.xxx,HTTP/3,15.19,15.69,54.08,55.91,0.0,204.35,204.52,104.26.13.229,443
1352,www.ntppool.org,HTTP/3,29.26,31.83,70.23,71.61,0.0,86.19,86.33,146.75.121.55,443
1355,www.hianime.to,HTTP/3,16.07,31.63,70.2,71.96,0.0,109.88,110.05,104.21.96.1,443
1359,www.e-hentai.org,HTTP/3,14.81,16.4,55.12,57.14,0.0,120.53,120.61,104.20.19.168,443
1364,www.xhamster43.desi,HTTP/3,41.24,56.69,95.55,96.84,0.0,251.63,251.73,172.67.207.102,443
1365,www.xxxbp.tv,HTTP/3,15.71,20.52,60.36,62.29,0.0,78.74,78.84,104.22.62.180,443
1366,www.missav.ws,HTTP/3,15.92,20.0,63.07,66.09,0.0,75.44,75.83,104.22.52.148,443
1367,www.superporn.com,HTTP/3,15.79,32.36,72.09,73.8,0.0,375.88,426.09,104.21.77.12,443
1370,www.fanpage.it,HTTP/3,13.12,15.8,54.45,55.62,0.0,87.25,87.36,2.22.231.7,443
1384,www.inps.it,HTTP/3,13.68,16.32,55.04,57.1,0.0,77.8,150.63,146.75.123.10,443
1385,www.18comic.vip,HTTP/3,17.98,23.36,61.31,63.25,0.0,81.33,84.86,104.22.36.105,443
1388,www.tsn.ua,HTTP/3,17.85,22.09,64.28,66.17,0.0,212.74,212.83,104.26.13.82,443
1393,www.hollywoodbets.net,HTTP/3,15.98,19.83,69.85,71.39,0.0,95.7,96.28,104.18.40.56,443
1394,www.hanime1.me,HTTP/3,11.57,16.18,63.27,64.92,0.0,97.24,97.81,104.21.84.181,443
1399,www.fatalmodel.com,HTTP/3,16.32,20.18,58.66,60.63,0.0,381.36,584.91,104.22.10.236,443
1405,www.expedia.com,HTTP/3,13.23,15.8,54.03,55.32,0.0,155.89,173.17,23.222.85.25,443
1406,www.protothema.gr,HTTP/3,25.93,32.8,72.76,73.87,0.0,206.2,263.24,2.22.231.5,443
1408,www.xhamster3.com,HTTP/3,17.53,32.14,73.84,75.13,0.0,284.33,284.42,104.21.112.1,443
1416,www.bookmyshow.com,HTTP/3,16.62,20.91,58.62,60.19,0.0,103.13,103.32,104.17.187.195,443
1417,www.jutarnji.hr,HTTP/3,8.54,12.99,50.83,52.7,0.0,110.66,150.41,104.16.126.63,443
1420,www.typing.com,HTTP/3,16.15,28.74,67.26,69.12,0.0,156.87,186.7,104.18.174.119,443
1422,www.blic.rs,HTTP/3,873.26,879.01,916.77,918.76,0.0,956.16,1012.73,3.162.79.72,443
1426,www.kooora.com,HTTP/3,15.29,15.78,53.97,55.05,0.0,76.61,82.51,95.100.248.217,443
1432,www.xhamster1.desi,HTTP/3,15.07,15.73,54.21,55.5,0.0,189.53,189.63,172.67.158.52,443
1435,www.ekstrabladet.dk,HTTP/3,1.55,4.02,42.29,44.28,0.0,56.93,57.02,151.101.129.91,443
1441,www.tori.fi,HTTP/3,20.89,32.53,81.66,83.3,0.0,144.97,193.57,34.36.139.131,443
1442,www.fastcompany.com,HTTP/3,13.83,15.48,55.35,56.2,0.0,75.91,76.06,146.75.121.54,443
1446,www.manoramaonline.com,HTTP/3,16.2,21.58,60.74,62.65,0.0,630.86,668.83,23.58.100.46,443
1447,www.xnxx.health,HTTP/3,15.81,19.49,57.6,59.5,0.0,102.34,102.43,104.26.10.91,443
1449,www.mat6tube.com,HTTP/3,1.33,3.81,79.52,81.55,0.0,103.15,103.22,185.73.220.204,443
1450,www.luxuretv.com,HTTP/3,16.23,21.17,59.87,61.6,0.0,69.32,69.71,104.22.5.223,443
1451,www.ssstik.io,HTTP/3,13.66,16.22,55.88,57.81,0.0,68.71,68.81,104.26.7.23,443
1452,www.snaptik.app,HTTP/3,13.34,16.05,60.48,62.36,0.0,71.83,71.93,104.18.22.79,443
1455,www.fapello.com,HTTP/3,16.93,20.91,59.57,61.42,0.0,100.26,100.42,104.22.18.170,443
1456,www.happymod.com,HTTP/3,16.93,31.55,77.51,79.28,0.0,169.55,169.65,104.21.64.156,443
1457,www.3bmeteo.com,HTTP/3,13.79,16.35,56.41,58.42,0.0,88.65,97.95,104.17.242.234,443
1459,www.oecd.org,HTTP/3,29.56,32.14,71.06,72.93,0.0,85.76,86.35,104.18.0.146,443
1461,www.myreadingmanga.info,HTTP/3,7.44,11.99,53.17,55.05,0.0,75.33,75.91,172.67.24.32,443
1466,www.sxyprn.com,HTTP/3,15.39,32.84,71.04,72.72,0.0,127.11,214.26,104.21.84.137,443
1467,www.almasryalyoum.com,HTTP/3,15.05,15.51,55.23,57.05,0.0,67.25,67.85,104.22.55.220,443
1469,www.xbato.com,HTTP/3,16.43,32.03,69.89,71.55,0.0,113.13,113.67,172.67.176.36,443
1471,www.fb.watch,HTTP/3,1.67,4.09,42.12,43.04,0.0,88.39,88.48,157.240.251.6,443
1480,www.mangabuddy.com,HTTP/3,11.89,15.87,53.13,54.78,0.0,108.91,109.04,172.67.205.179,443
1481,www.pussyspace.com,HTTP/3,16.3,21.0,58.1,59.87,0.0,75.16,112.21,104.22.64.127,443
1483,www.aniwatchtv.to,HTTP/3,18.06,31.64,69.93,71.56,0.0,118.02,118.15,104.21.16.1,443
1484,www.prokerala.com,HTTP/3,13.44,15.99,54.08,56.34,0.0,317.08,340.29,95.100.248.202,443
1485,www.123av.com,HTTP/3,17.53,21.51,59.78,61.67,0.0,151.5,151.64,172.67.73.151,443
1486,www.porn300.com,HTTP/3,10.16,16.77,55.28,57.0,0.0,146.43,200.32,172.67.171.15,443
1489,www.fantia.jp,HTTP/3,271.38,284.1,332.12,333.05,0.0,579.16,579.25,35.241.8.68,443
1493,www.kompoz2.com,HTTP/3,19.25,31.82,71.55,73.21,0.0,341.61,341.73,104.21.61.56,443
1495,www.inxxx.com,HTTP/3,16.03,20.09,61.06,62.93,0.0,215.92,322.16,104.26.1.191,443
1498,www.ptt.cc,HTTP/3,21.84,32.43,73.16,74.84,0.0,314.64,314.77,172.67.172.193,443
1500,www.jav.guru,HTTP/3,15.72,20.36,59.48,61.35,0.0,91.18,108.07,104.26.5.14,443
1505,www.marmiton.org,HTTP/3,13.44,16.15,54.7,55.63,0.0,71.9,148.02,146.75.121.91,443
1506,www.serviporno.com,HTTP/3,14.52,16.08,54.92,57.29,0.0,575.2,612.7,104.26.12.242,443
1508,www.exhentai.org,HTTP/3,17.28,31.93,74.36,76.26,0.0,261.7,261.78,188.114.97.3,443
1509,www.komiku.id,HTTP/3,16.51,32.08,70.44,72.13,0.0,801.73,854.6,172.67.199.87,443
1511,www.redwap.sex,HTTP/3,15.25,15.73,55.37,57.05,0.0,342.58,453.56,104.21.52.19,443
1518,www.nitrotype.com,HTTP/3,15.65,20.13,65.61,67.49,0.0,84.01,86.9,104.18.198.37,443
1523,www.sidrachain.com,HTTP/3,16.63,32.26,70.94,72.83,0.0,106.4,109.02,172.67.73.70,443
1528,www.wnacg.com,HTTP/3,10.9,15.52,54.38,56.19,0.0,347.13,354.31,104.26.13.109,443
1532,www.caliente.mx,HTTP/3,11.04,15.69,53.92,55.69,0.0,104.43,122.19,104.18.43.240,443
1534,www.tktube.com,HTTP/3,16.88,22.4,60.58,62.46,0.0,75.46,75.58,172.67.71.170,443
1535,www.livescore.in,HTTP/3,21.39,31.96,70.68,71.68,0.0,90.95,139.36,35.190.63.169,443
1537,www.pornocarioca.com,HTTP/3,16.25,31.87,69.86,71.72,0.0,316.51,387.33,104.26.12.37,443
1543,www.doujindesu.tv,HTTP/3,16.69,32.26,70.67,72.54,0.0,94.67,94.79,172.67.75.187,443
1547,www.fastdl.app,HTTP/3,16.89,21.63,60.55,62.4,0.0,76.66,76.78,104.26.15.180,443
1555,www.tvonenews.com,HTTP/3,15.47,19.48,57.45,58.8,0.0,692.02,714.85,172.67.9.220,443
1559,www.croxyproxy.com,HTTP/3,35.87,53.61,91.2,92.9,0.0,193.38,270.68,104.21.90.167,443
1562,www.freeip.me,HTTP/3,21.11,25.06,63.08,64.92,0.0,110.73,111.63,172.64.146.111,443
1563,www.joyclub.de,HTTP/3,14.51,16.03,54.23,56.11,0.0,63.78,64.13,104.18.39.2,443
1577,www.skipthegames.com,HTTP/3,17.38,21.53,62.15,64.09,0.0,81.6,88.13,104.22.9.35,443
1578,www.pussyboy.net,HTTP/3,15.37,15.89,56.65,58.33,0.0,97.16,115.15,104.21.48.1,443
1582,www.wto.to,HTTP/3,20.4,32.17,70.64,72.55,0.0,96.34,96.98,188.114.97.3,443
1586,www.goojara.to,HTTP/3,15.92,32.51,71.04,72.76,0.0,118.03,118.14,172.67.166.160,443
1587,www.mangatoto.com,HTTP/3,17.1,31.67,69.93,71.64,0.0,123.55,124.15,104.21.64.1,443
1588,www.xosodaiphat.com,HTTP/3,19.48,25.72,66.14,68.15,0.0,365.91,365.98,104.18.20.76,443
1591,www.arbada.com,HTTP/3,14.63,16.24,54.49,56.3,0.0,220.2,228.63,104.26.0.70,443
1594,www.theqoo.net,HTTP/3,27.5,31.65,69.05,70.9,0.0,333.97,334.07,104.18.26.183,443
1597,www.69yuedu.net,HTTP/3,16.11,20.51,58.7,60.56,0.0,77.67,77.76,172.67.73.56,443
1605,www.indiansexstories2.net,HTTP/3,9.71,13.85,51.85,53.73,0.0,68.16,68.77,104.26.10.116,443
1610,www.playtime.ph,HTTP/3,219.41,223.78,261.59,263.34,0.0,274.01,274.1,104.16.86.47,443
1611,www.fanmtl.com,HTTP/3,41.51,59.54,97.61,99.26,0.0,186.94,221.47,104.21.16.1,443
1612,www.bikewale.com,HTTP/3,45.51,50.59,88.44,90.0,0.0,853.26,1360.02,18.66.2.36,443
1615,www.ladies.de,HTTP/3,53.59,58.16,96.41,98.25,0.0,135.59,136.34,104.18.9.32,443
1619,www.52shuku.vip,HTTP/3,15.86,31.12,69.81,71.54,0.0,110.32,125.32,104.21.32.1,443
1623,www.xoso.com.vn,HTTP/3,19.72,24.19,62.83,64.77,0.0,75.81,76.42,104.18.25.243,443
1626,www.lekmanga.net,HTTP/3,39.23,57.23,95.71,97.39,0.0,632.94,633.02,172.67.142.198,443
1627,www.spaggiari.eu,HTTP/3,1515.48,1519.39,1560.94,1562.76,0.0,1619.97,1644.28,199.60.103.2,443
1628,www.arca.live,HTTP/3,485.25,489.31,531.07,532.94,0.0,558.54,558.64,104.18.16.140,443
1629,www.apornvideo.com,HTTP/3,31.01,31.51,69.87,71.56,0.0,116.72,130.85,104.21.48.1,443
1630,www.gartner.com,HTTP/3,117.93,123.36,167.39,168.53,0.0,221.29,221.88,104.18.34.221,443
1632,www.librefutbol.su,HTTP/3,31.83,51.8,90.08,91.74,0.0,291.0,291.1,104.21.112.1,443
1633,www.list.am,HTTP/3,41.39,46.25,84.46,86.36,0.0,103.45,103.81,172.67.31.1,443
1634,www.zonatmo.com,HTTP/3,37.92,52.76,91.04,92.73,0.0,122.08,122.17,104.21.91.243,443
1635,www.olimpbet.kz,HTTP/3,57.29,61.88,99.84,101.72,0.0,251.18,310.74,185.176.26.253,443
1636,www.anoboy.app,HTTP/3,139.69,154.78,193.05,194.73,0.0,340.02,340.13,104.21.48.1,443
1637,www.deltaork.com,HTTP/3,64.52,81.56,120.06,121.73,0.0,283.84,335.21,104.21.96.1,443
1639,www.betika.com,HTTP/3,15.6,19.94,59.98,61.95,0.0,87.07,87.15,162.159.129.86,443
1645,www.letras.mus.br,HTTP/3,14.71,16.41,60.67,61.82,0.0,76.27,88.28,2.22.231.11,443
1647,www.singular.net,HTTP/3,21.82,26.54,65.31,67.32,0.0,527.54,669.77,141.193.213.10,443
1648,www.rexporn.sex,HTTP/3,78.7,98.75,136.99,138.68,0.0,231.87,251.83,104.21.80.1,443
1653,www.promiedos.com.ar,HTTP/3,99.61,104.4,148.16,149.46,0.0,455.75,729.04,3.160.39.18,443
1656,www.nz.ua,HTTP/3,47.03,52.26,91.77,93.73,0.0,104.39,105.0,172.67.74.159,443
1660,www.zbporn.tv,HTTP/3,42.31,59.86,102.54,104.18,0.0,162.52,162.64,104.21.48.1,443
1662,www.lectormangaa.com,HTTP/3,38.17,56.72,94.35,96.01,0.0,127.17,127.75,172.67.188.152,443
1667,www.justindianporn.info,HTTP/3,475.08,490.76,529.31,531.01,0.0,767.01,767.14,104.21.18.30,443
1669,www.onlyindianx.cc,HTTP/3,39.69,54.55,94.16,95.86,0.0,312.32,312.43,172.67.150.238,443
1670,www.arabx.cam,HTTP/3,110.23,114.74,155.5,157.53,0.0,204.81,212.03,172.67.75.34,443
1671,www.tmohentai.com,HTTP/3,36.91,54.77,97.25,99.63,0.0,134.29,134.4,188.114.97.3,443
1672,www.arabsex.to,HTTP/3,57.44,61.69,101.96,103.79,0.0,114.23,114.88,172.67.70.232,443
1675,www.betpawa.ug,HTTP/3,1022.42,1026.75,1064.61,1066.43,0.0,1097.84,1098.07,31.185.108.239,443
1677,www.kamababa.desi,HTTP/3,38.46,42.58,79.69,81.53,0.0,90.93,91.56,104.26.0.135,443
1678,www.desitales2.com,HTTP/3,43.98,49.1,86.83,88.69,0.0,113.6,114.21,172.67.71.84,443
1679,www.yallakora.com,HTTP/3,39.73,43.83,81.6,82.93,0.0,987.32,1008.46,104.20.27.67,443
1683,www.scan-manga.com,HTTP/3,29.3,31.92,70.31,72.22,0.0,90.79,90.9,104.26.3.139,443
1684,www.fsiblog3.club,HTTP/3,87.33,91.63,130.41,132.25,0.0,147.56,148.22,104.26.11.62,443
1685,www.jaya9.app,HTTP/3,61.41,64.06,104.29,106.62,0.0,119.31,119.63,104.18.28.152,443
1688,www.ojogodobicho.com,HTTP/3,43.33,48.16,87.62,89.57,0.0,476.88,477.05,104.22.14.74,443
1690,www.betpawa.co.tz,HTTP/3,77.98,82.22,120.23,122.08,0.0,176.92,177.16,104.18.35.134,443
1691,www.sex-arabi.co,HTTP/3,100.07,120.32,159.91,161.74,0.0,194.44,194.56,104.26.5.229,443
1697,www.xxxhindi.to,HTTP/3,318.48,322.67,361.41,363.26,0.0,415.74,434.55,104.26.1.104,443
1701,www.conectate.com.do,HTTP/3,151.96,156.41,195.74,197.65,0.0,730.03,738.59,104.26.7.212,443
1702,www.krikya.io,HTTP/3,59.83,64.05,104.34,106.25,0.0,114.54,114.97,104.18.23.70,443
1708,www.tuazar.com,HTTP/3,45.63,62.96,101.81,103.74,0.0,637.04,813.58,104.24.27.52,443
1711,www.gekso.xyz,HTTP/3,98.59,116.15,155.36,157.02,0.0,245.62,245.73,104.21.72.129,443
1714,www.tamildhool.net,HTTP/3,35.53,53.91,92.91,94.85,0.0,119.22,119.86,104.26.11.151,443
1715,www.escort.club,HTTP/3,104.68,125.55,164.63,166.31,0.0,277.33,374.2,104.21.87.190,443
1716,www.shaalaa.com,HTTP/3,16.05,20.72,58.93,60.79,0.0,262.54,271.05,104.26.13.31,443
1720,www.ibomma.day,HTTP/3,53.93,64.52,102.63,104.29,0.0,153.1,153.19,104.21.67.126,443
1721,www.mangatoto.org,HTTP/3,95.45,111.78,151.72,153.4,0.0,177.88,178.43,104.21.80.1,443
1723,www.flashscore.fr,HTTP/3,72.34,82.89,121.25,122.16,0.0,140.48,175.21,35.186.231.27,443
1725,www.flashscore.com.ve,HTTP/3,76.46,90.64,136.8,138.2,0.0,155.76,199.21,34.96.91.69,443
1730,www.turbo.az,HTTP/3,156.47,161.16,203.08,204.95,0.0,217.96,218.65,104.18.30.213,443
1732,www.xxxbfvideos.to,HTTP/3,121.0,125.18,164.66,166.55,0.0,184.23,184.62,172.67.74.34,443
1736,www.wannonce.com,HTTP/3,41.25,45.64,84.39,85.78,0.0,130.97,139.98,104.22.10.220,443
1737,www.yako.gg,HTTP/3,88.25,103.07,141.64,143.33,0.0,169.52,169.97,172.67.130.55,443
1738,www.animanch.com,HTTP/3,32.33,52.71,96.07,97.74,0.0,1181.35,1276.83,104.21.64.1,443
1739,www.mingky.net,HTTP/3,40.23,44.16,83.03,86.06,0.0,96.28,96.69,172.66.43.82,443
1741,www.xn--l3cg7a8a0cwa3f.com,HTTP/3,35.61,46.13,84.82,86.61,0.0,201.8,201.92,172.67.69.195,443
1742,www.porno18.site,HTTP/3,123.36,129.04,167.78,169.43,0.0,214.13,214.22,172.67.128.214,443
1746,www.com.se,HTTP/3,180.42,198.42,236.68,238.33,0.0,313.19,329.71,104.21.2.190,443
1749,www.freesexkahani.com,HTTP/3,40.68,45.92,84.94,86.81,0.0,106.06,106.69,104.26.14.68,443
1752,www.dpbossss.services,HTTP/3,72.93,90.42,128.98,130.66,0.0,161.43,161.55,104.21.48.1,443
1755,www.bhojpurisex.site,HTTP/3,97.92,116.56,154.95,156.92,0.0,180.9,180.99,172.67.73.163,443
1758,www.sattamatkachart.in,HTTP/3,60.91,64.72,102.54,104.39,0.0,462.5,462.6,104.26.10.233,443
1759,www.lotterysambadresult.in,HTTP/3,96.05,114.71,153.32,154.65,0.0,516.38,516.47,104.21.112.1,443
1760,www.in3x.net,HTTP/3,43.64,47.44,85.43,87.26,0.0,136.33,147.69,172.67.68.195,443
1762,www.desitelugusex.com,HTTP/3,40.2,63.78,1057.35,1059.05,0.0,1132.08,1146.34,104.21.1.24,443
1763,www.satta-king-fixed-no.in,HTTP/3,104.29,122.47,160.29,161.97,0.0,578.03,578.18,104.21.25.60,443
1764,www.kolkataff.in,HTTP/3,61.97,63.53,101.65,103.31,0.0,144.78,186.41,104.21.80.1,443
1765,www.onlar.az,HTTP/3,160.91,181.73,218.7,220.32,0.0,343.83,343.92,104.21.80.1,443
1766,www.spboss.in,HTTP/3,55.45,59.59,97.71,99.56,0.0,196.09,196.19,104.18.3.12,443
1767,www.sattamatkano1.me,HTTP/3,55.73,61.34,100.89,102.67,0.0,118.1,118.19,104.26.0.73,443
1773,www.sciencemag.org,HTTP/3,165.77,170.5,209.53,211.38,0.0,221.08,221.69,172.64.146.13,443
1777,www.skroutz.gr,HTTP/3,127.89,129.56,171.04,173.13,0.0,183.57,184.19,104.18.33.11,443
1779,www.google.com.au,HTTP/3,76.25,84.44,133.33,134.85,0.0,183.1,189.64,142.250.181.195,443
1785,www.xiaohongshu.com,HTTP/3,72.02,100.17,137.06,138.24,0.0,549.72,549.84,43.152.186.225,443
1803,www.acs.org,HTTP/3,88.08,103.35,141.55,142.56,0.0,158.74,175.66,146.75.123.10,443
1815,www.bootstrapcdn.com,HTTP/3,89.81,94.84,133.26,135.11,0.0,207.19,228.02,216.24.57.4,443
1820,www.gizmodo.com,HTTP/3,17.44,31.99,69.93,71.8,0.0,347.53,347.64,104.26.2.63,443
1821,www.simpli.fi,HTTP/3,110.03,115.3,153.55,155.29,0.0,357.67,357.76,141.193.213.30,443
1824,www.jwplayer.com,HTTP/3,53.74,58.21,95.66,97.52,0.0,482.62,482.8,162.159.135.42,443
1831,www.vox.com,HTTP/3,52.21,63.76,102.08,102.87,0.0,119.11,210.25,146.75.121.91,443
1836,www.getbootstrap.com,HTTP/3,42.35,47.42,85.0,86.9,0.0,238.68,238.79,104.22.59.100,443
1841,www.adkernel.com,HTTP/3,44.58,48.53,86.74,88.48,0.0,582.59,582.68,141.193.213.11,443
1842,www.overwolf.com,HTTP/3,44.25,49.64,88.75,90.05,0.0,94.35,107.72,18.64.79.97,443
1844,www.acronis.com,HTTP/3,8.34,16.06,73.91,75.04,0.0,185.08,185.21,34.120.97.237,443
1850,www.ultimate-guitar.com,HTTP/3,15.65,20.35,69.94,71.87,0.0,259.79,276.88,104.18.29.17,443
1854,www.evernote.com,HTTP/3,32.8,46.35,86.25,87.73,0.0,258.35,258.44,146.75.123.52,443
1855,www.themeisle.com,HTTP/3,96.4,100.91,147.21,150.27,0.0,454.3,454.4,104.16.151.108,443
1864,www.revenuecat.com,HTTP/3,51.82,55.65,99.04,100.52,0.0,157.73,210.21,3.162.79.40,443
1869,www.thesun.co.uk,HTTP/3,69.94,74.84,113.72,114.98,0.0,453.94,523.55,3.168.217.13,443
1877,www.siemens.com,HTTP/3,61.17,64.78,102.8,104.35,0.0,625.8,625.89,18.66.2.52,443
1880,www.google.co.id,HTTP/3,311.76,508.72,1329.08,1330.7,0.0,1371.81,1373.54,172.217.16.67,443
1882,www.kernel.org,HTTP/3,91.76,108.48,146.64,147.4,0.0,162.67,164.27,146.75.121.55,443
1896,www.inc.com,HTTP/3,26.76,32.38,70.24,71.14,0.0,96.49,96.6,146.75.121.54,443
1898,www.n-able.com,HTTP/3,60.88,64.47,102.83,104.68,0.0,143.74,206.83,104.18.41.113,443
1900,www.springserve.com,HTTP/3,34.0,38.4,76.53,78.4,0.0,688.55,688.64,141.193.213.20,443
1908,www.thelancet.com,HTTP/3,53.66,64.24,102.65,104.49,0.0,117.31,117.92,172.66.0.112,443
1918,www.medallia.com,HTTP/3,46.62,50.51,88.79,90.56,0.0,284.69,319.51,141.193.213.21,443
1932,www.timeanddate.com,HTTP/3,75.72,80.56,118.88,120.74,0.0,179.35,186.4,104.18.21.57,443
1937,www.usgs.gov,HTTP/3,112.63,117.88,157.66,158.74,0.0,176.68,193.0,3.160.39.27,443
1940,www.mmcdn.com,HTTP/3,38.97,42.61,81.18,83.39,0.0,94.21,94.3,104.18.202.4,443
1949,www.redditstatic.com,HTTP/3,26.41,32.02,74.89,75.94,0.0,89.71,89.83,146.75.121.140,443
1965,www.symantec.com,HTTP/3,74.98,79.25,119.3,121.14,0.0,218.15,218.28,104.18.37.111,443
1968,www.clevelandclinic.org,HTTP/3,78.07,82.21,120.56,122.37,0.0,129.79,129.88,104.18.37.197,443
1969,www.google.nl,HTTP/3,26.77,32.34,80.26,81.86,0.0,129.52,135.41,172.217.16.67,443
1972,www.px-cloud.net,HTTP/3,1.49,3.96,60.9,63.23,0.0,193.55,193.63,35.190.10.96,443
1975,www.datto.com,HTTP/3,82.71,86.88,125.28,126.35,0.0,348.85,368.13,141.193.213.21,443
1977,www.intercom.com,HTTP/3,12.52,16.07,54.63,55.89,0.0,550.47,756.36,18.64.119.109,443
1980,www.feedburner.com,HTTP/3,35.44,49.5,104.58,107.62,0.0,127.85,127.96,172.217.16.78,443
1987,www.science.org,HTTP/3,165.31,169.75,207.93,209.81,0.0,221.84,224.49,172.64.153.235,443
1988,www.hcaptcha.com,HTTP/3,14.38,16.0,54.83,56.69,0.0,148.59,157.25,104.19.229.21,443
1990,www.digg.com,HTTP/3,34.54,55.62,95.5,97.42,0.0,129.57,129.66,104.24.21.71,443
1991,www.entrepreneur.com,HTTP/3,14.46,16.03,53.82,54.62,0.0,69.8,133.88,146.75.121.91,443
1992,www.avito.st,HTTP/3,403.81,429.83,492.24,493.28,0.0,509.89,525.46,151.236.71.3,443
1994,www.pnas.org,HTTP/3,65.82,70.3,108.6,110.43,0.0,120.8,121.43,104.18.33.155,443
2002,www.sfgate.com,HTTP/3,216.61,231.94,268.72,269.74,0.0,303.43,303.57,146.75.120.200,443
2003,www.wetransfer.com,HTTP/3,81.72,87.62,130.08,131.35,0.0,263.9,264.08,3.168.217.71,443
2007,www.logitech.com,HTTP/3,43.31,49.23,86.42,88.03,0.0,92.58,92.69,18.64.79.68,443
2009,www.waze.com,HTTP/3,25.88,32.72,77.87,79.46,0.0,425.4,440.3,130.211.9.172,443
2013,www.ukr.net,HTTP/3,21.49,32.05,82.4,83.87,0.0,140.85,179.72,35.186.218.67,443
2015,www.allocine.fr,HTTP/3,221.82,226.25,265.44,267.36,0.0,285.15,336.4,172.64.149.28,443
2016,www.tenor.com,HTTP/3,18.81,32.31,81.56,82.98,0.0,94.85,94.95,34.120.13.18,443
2029,www.themoviedb.org,HTTP/3,31.5,36.79,75.12,76.69,0.0,654.6,860.77,18.64.79.31,443
2031,www.byjus.com,HTTP/3,111.01,128.59,177.47,179.72,0.0,977.71,977.8,34.36.4.163,443
2032,www.miro.com,HTTP/3,18.66,23.46,61.79,63.45,0.0,74.63,74.72,18.64.119.56,443
2043,www.techradar.com,HTTP/3,20.32,31.9,1036.24,1037.17,0.0,1060.44,1060.52,146.75.122.114,443
2044,www.amazon.com.au,HTTP/3,668.44,674.2,712.13,713.34,0.0,883.73,1311.95,18.64.94.203,443
2047,www.screenconnect.com,HTTP/3,83.63,88.78,127.06,128.93,0.0,406.73,426.06,104.17.56.1,443
2050,www.moengage.com,HTTP/3,51.42,55.65,93.91,95.82,0.0,148.63,185.7,141.193.213.20,443
2054,www.euronews.com,HTTP/3,46.28,59.19,97.22,98.0,0.0,116.17,130.04,146.75.121.91,443
2064,www.tawk.to,HTTP/3,15.64,20.26,59.71,61.66,0.0,772.54,797.34,104.22.45.142,443
2071,www.fyber.com,HTTP/3,59.43,63.99,102.24,103.62,0.0,115.75,115.82,146.75.123.52,443
2074,www.ubisoft.com,HTTP/3,130.75,137.26,175.34,176.6,0.0,194.3,194.42,3.168.217.36,443
2075,www.starlink.com,HTTP/3,200.0,214.65,253.42,254.41,0.0,268.92,309.03,151.101.65.143,443
2076,www.guardian.co.uk,HTTP/3,54.33,63.95,101.98,102.9,0.0,114.99,115.06,146.75.121.111,443
2080,www.seedtag.com,HTTP/3,15.84,27.83,67.33,69.22,0.0,1097.55,1416.66,104.16.187.87,443
2086,www.ico.org.uk,HTTP/3,45.53,49.74,88.24,89.33,0.0,208.74,208.89,104.22.71.106,443
2092,www.qz.com,HTTP/3,91.43,106.58,143.86,144.77,0.0,158.32,158.46,151.101.2.166,443
2094,www.pcmag.com,HTTP/3,16.02,21.03,62.17,64.06,0.0,84.94,89.63,104.16.20.118,443
2099,www.aboutcookies.org,HTTP/3,90.75,110.36,149.47,151.15,0.0,293.02,345.91,172.67.190.225,443
2107,www.snapkit.com,HTTP/3,61.67,64.31,119.79,120.95,0.0,481.27,481.38,35.190.43.134,443
2109,www.oculus.com,HTTP/3,1.43,3.92,42.59,43.58,0.0,90.15,90.22,157.240.251.55,443
2116,www.iheart.com,HTTP/3,50.66,64.28,103.49,104.66,0.0,119.62,119.75,146.75.122.84,443
2118,www.doubleclick.com,HTTP/3,18.34,29.26,80.32,82.65,0.0,100.33,100.43,172.217.16.78,443
2124,www.m.me,HTTP/3,58.33,63.96,115.9,117.37,0.0,172.66,172.86,157.240.251.6,443
2125,www.faphouse1.com,HTTP/3,34.31,56.51,106.14,107.86,0.0,256.28,256.39,104.21.5.170,443
2129,www.carwale.com,HTTP/3,55.49,62.04,102.99,104.56,0.0,869.92,1380.97,3.160.39.89,443
2136,www.delgarm.com,HTTP/3,198.16,256.78,403.32,404.75,0.0,506.26,506.36,185.120.222.246,443
2138,www.nordvpn.com,HTTP/3,14.54,16.07,56.68,58.55,0.0,70.19,70.27,104.19.159.190,443
2140,www.klarna.com,HTTP/3,59.97,63.76,101.56,102.79,0.0,141.4,141.67,3.160.39.60,443
2154,www.illuminateed.com,HTTP/3,40.92,54.77,110.27,111.89,0.0,127.15,169.32,199.16.173.189,443
2155,www.unity.com,HTTP/3,53.77,63.72,109.05,110.18,0.0,117.18,117.23,34.107.202.109,443
2162,www.acrobat.com,HTTP/3,73.66,94.55,132.7,133.9,0.0,138.09,138.16,95.100.248.224,443
2166,www.truecaller.com,HTTP/3,56.69,60.61,98.85,100.69,0.0,174.99,192.62,172.67.70.116,443
2168,www.zahraa.mr,HTTP/3,116.14,127.83,166.35,167.98,0.0,925.93,926.0,104.21.15.99,443
2171,www.cloudfunctions.net,HTTP/3,52.42,65.05,117.91,120.97,0.0,234.42,234.5,216.239.36.54,443
2178,www.anybunny.org,HTTP/3,94.39,112.03,151.59,153.3,0.0,195.5,195.58,104.21.32.1,443
2184,www.livescience.com,HTTP/3,36.35,49.78,87.0,87.96,0.0,104.13,186.27,146.75.122.114,443
2185,www.webpkgcache.com,HTTP/3,67.77,76.1,122.23,125.03,0.0,138.35,138.49,172.217.19.65,443
2187,www.openssl.org,HTTP/3,69.29,81.96,132.08,133.7,0.0,265.89,266.13,34.49.79.89,443
2192,www.sexsati.com,HTTP/3,38.4,56.39,98.06,99.9,0.0,128.8,128.9,172.67.69.59,443
2204,www.example.org,HTTP/3,119.58,129.79,167.73,169.94,0.0,193.54,193.68,2.22.231.6,443
2211,www.geny.com,HTTP/3,249.09,256.98,307.02,308.34,0.0,334.56,339.92,34.120.195.169,443
2215,www.nkiri.com,HTTP/3,70.48,92.14,129.37,130.64,0.0,153.99,154.05,185.237.100.9,443
2219,www.alldesiporn.com,HTTP/3,40.48,58.35,96.11,97.76,0.0,541.81,717.02,172.67.136.130,443
2224,www.xbanxia.com,HTTP/3,41.12,56.25,99.22,100.84,0.0,128.22,128.47,104.21.112.1,443
2225,www.phimxxx.ai,HTTP/3,75.69,90.75,129.55,131.21,0.0,177.72,177.8,104.21.15.157,443
2228,www.dewafilm.xyz,HTTP/3,105.81,121.13,158.75,160.43,0.0,201.87,201.97,104.21.48.1,443
2229,www.dzexams.com,HTTP/3,41.38,59.31,99.46,101.11,0.0,143.03,177.38,172.67.145.28,443
2231,www.xn--3-twfr7ca0a9jsa8a4lc6fd.com,HTTP/3,51.98,64.53,102.33,103.6,0.0,152.66,152.76,104.21.64.1,443
2236,www.sattasport.in,HTTP/3,60.35,63.98,101.4,103.03,0.0,948.6,991.35,172.67.175.247,443
2239,www.xcumtube.com,HTTP/3,40.49,44.85,83.16,85.0,0.0,912.4,912.5,104.26.4.193,443
2240,www.lotterysambad.one,HTTP/3,96.2,111.54,148.6,150.25,0.0,551.38,551.48,104.21.48.1,443
2242,www.semrush.com,HTTP/3,39.05,50.57,95.16,97.29,0.0,237.64,506.86,34.120.45.191,443
2245,www.wikia.com,HTTP/3,77.79,92.48,129.69,130.7,0.0,143.34,143.41,151.101.192.194,443
2257,www.cutt.ly,HTTP/3,866.03,871.56,913.57,914.62,0.0,1009.29,1009.55,104.22.0.232,443
2260,www.redditmedia.com,HTTP/3,35.8,50.8,87.44,88.46,0.0,100.69,100.77,146.75.121.140,443
2276,www.brightcove.com,HTTP/3,49.73,53.89,91.37,93.23,0.0,313.74,355.81,141.193.213.21,443
2280,www.scmp.com,HTTP/3,13.77,16.3,55.05,57.19,0.0,72.12,72.55,104.18.205.43,443
2282,www.kwai.com,HTTP/3,40.97,64.42,104.84,106.36,0.0,538.2,661.27,173.222.107.85,443
2283,www.safety.google,HTTP/3,35.18,43.4,89.48,90.92,0.0,197.91,198.01,172.217.16.78,443
2285,www.bigcartel.com,HTTP/3,15.77,20.21,61.38,63.25,0.0,349.42,433.54,172.66.0.67,443
2290,www.glassdoor.com,HTTP/3,14.56,16.16,54.15,55.97,0.0,75.94,76.04,104.16.25.46,443
2292,www.army.mil,HTTP/3,202.5,215.88,254.94,258.32,0.0,266.2,288.28,95.100.248.221,443
2307,www.undertone.com,HTTP/3,14.74,16.39,54.8,56.68,0.0,215.23,228.7,162.159.135.42,443
2309,www.thehill.com,HTTP/3,1140.05,1155.64,1194.71,1195.64,0.0,1208.02,1208.1,151.101.65.91,443
2319,www.mixcloud.com,HTTP/3,98.68,110.18,151.46,153.23,0.0,545.62,788.81,104.20.5.36,443
2326,www.signal.org,HTTP/3,16.11,19.82,57.03,58.86,0.0,65.51,65.59,104.18.10.47,443
2328,www.semanticscholar.org,HTTP/3,72.77,77.6,115.92,117.18,0.0,419.03,847.68,3.162.79.78,443
2332,www.urbanairship.com,HTTP/3,46.02,61.64,112.37,113.45,0.0,224.35,224.43,35.190.28.113,443
2333,www.crunchyroll.com,HTTP/3,15.38,19.47,57.33,59.54,0.0,69.0,69.61,104.18.34.202,443
2336,www.web.app,HTTP/3,44.29,57.33,103.13,104.53,0.0,134.45,134.57,199.36.158.100,443
2340,www.rfc-editor.org,HTTP/3,58.58,63.43,101.15,103.0,0.0,693.03,807.27,172.67.31.145,443
2346,www.shipt.com,HTTP/3,48.34,62.72,103.81,104.8,0.0,236.22,236.33,146.75.121.91,443
2347,www.usercontent.goog,HTTP/3,56.97,63.61,111.23,114.42,0.0,222.01,222.12,142.250.181.193,443
2353,www.fwmrm.net,HTTP/3,60.8,64.39,108.29,111.0,0.0,275.47,275.56,141.193.213.10,443
2366,www.bfmtv.com,HTTP/3,17.37,24.57,65.52,66.74,0.0,72.17,149.97,3.162.79.69,443
2372,www.sextop1.bot,HTTP/3,36.65,54.72,91.63,93.27,0.0,138.66,138.88,104.21.32.1,443
2373,www.grafana.com,HTTP/3,8.15,15.67,63.94,65.1,0.0,88.64,88.72,34.120.177.193,443
2377,www.nejm.org,HTTP/3,126.56,129.06,166.8,168.64,0.0,179.09,179.36,104.18.41.121,443
2379,www.siilo.com,HTTP/3,87.77,93.35,130.16,131.4,0.0,154.25,171.59,18.66.2.112,443
2381,www.ably.io,HTTP/3,78.1,98.15,142.01,143.7,0.0,184.71,184.92,104.21.14.228,443
2384,www.joinhoney.com,HTTP/3,60.33,65.02,110.45,111.66,0.0,375.87,396.72,107.178.251.16,443
2393,www.filmyfly.phd,HTTP/3,58.88,64.54,102.22,103.92,0.0,165.48,165.61,172.67.132.201,443
2394,www.fool.com,HTTP/3,125.95,128.52,167.08,168.97,0.0,186.5,472.81,172.64.147.90,443
2395,www.filmyzilla.net.pl,HTTP/3,51.75,64.37,103.27,104.94,0.0,217.58,217.68,172.67.174.201,443
2396,www.pidey.co,HTTP/3,121.18,125.84,166.26,168.14,0.0,192.63,193.27,172.67.68.166,443
2398,www.mp4moviez.capital,HTTP/3,98.64,116.49,155.48,157.28,0.0,223.59,223.68,104.21.2.142,443
2399,www.simontokx.co,HTTP/3,48.37,63.99,104.91,106.6,0.0,531.46,531.56,172.67.174.226,443
2400,www.5movierulz.soy,HTTP/3,49.13,63.7,103.02,104.71,0.0,179.49,179.6,104.21.24.13,443
2401,www.5movierulz.vu,HTTP/3,89.71,104.42,143.95,145.71,0.0,214.71,214.83,104.21.50.160,443
2402,www.5movierulz.spa,HTTP/3,101.44,120.17,162.25,163.86,0.0,206.69,206.82,104.21.94.86,443
2403,www.mupnungvl.pro,HTTP/3,56.91,64.46,105.99,107.64,0.0,415.87,416.03,104.21.112.1,443
2405,www.filmyfly.moi,HTTP/3,46.58,64.22,102.39,104.08,0.0,147.51,147.61,104.21.16.1,443
2407,www.thetimes.co.uk,HTTP/3,134.4,139.59,178.28,179.55,0.0,205.91,205.99,18.64.103.75,443
2408,www.translate.goog,HTTP/3,59.4,64.15,115.99,118.59,0.0,153.68,154.12,142.250.181.193,443
2409,www.1isaidub.com,HTTP/3,52.88,64.56,102.32,103.96,0.0,237.14,237.24,172.67.210.90,443
2410,www.moviesda.city,HTTP/3,70.75,85.78,124.43,126.11,0.0,160.57,160.68,104.21.37.169,443
2411,www.xnhau.top,HTTP/3,57.17,64.72,102.89,104.73,0.0,611.32,611.43,104.26.15.96,443
2412,www.filmyzilla.net.bz,HTTP/3,72.85,90.87,129.62,131.27,0.0,189.98,190.07,172.67.168.193,443
2416,www.mp4moviez.pub,HTTP/3,74.22,94.47,134.43,136.52,0.0,208.3,208.41,104.21.48.1,443
2419,www.hdhub4u.phd,HTTP/3,57.2,61.03,99.48,101.42,0.0,119.35,119.4,104.26.6.191,443
2424,www.blacktoon347.com,HTTP/3,47.95,63.42,101.21,102.96,0.0,131.48,131.85,104.21.16.1,443
2442,www.history.com,HTTP/3,64.34,78.34,117.17,118.17,0.0,130.43,130.53,146.75.122.168,443
2445,www.visualwebsiteoptimizer.com,HTTP/3,103.76,116.53,165.84,167.45,0.0,264.91,265.02,34.149.221.142,443
2448,www.ipinfo.io,HTTP/3,27.47,32.04,83.16,84.76,0.0,209.71,209.87,34.117.59.81,443
2453,www.wayfair.com,HTTP/3,149.27,153.24,191.12,192.88,0.0,252.4,252.82,172.64.145.38,443
2460,www.share-dns.com,HTTP/3,39.84,44.33,81.61,83.56,0.0,97.79,97.88,172.64.53.25,443
2464,www.egnyte.com,HTTP/3,75.67,90.5,132.46,133.53,0.0,148.08,164.98,146.75.121.193,443
2465,www.messenger.com,HTTP/3,16.73,31.25,68.84,69.83,0.0,225.47,273.24,157.240.251.6,443
2474,www.lazada.co.id,HTTP/3,343.48,361.74,400.26,402.02,0.0,436.74,513.36,163.181.92.204,443
2477,www.dynamicyield.com,HTTP/3,55.93,64.52,103.08,104.71,0.0,658.13,726.6,104.21.62.217,443
2478,www.home-assistant.io,HTTP/3,16.51,21.12,58.0,59.86,0.0,75.13,79.76,104.26.5.238,443
2483,www.smithsonianmag.com,HTTP/3,65.75,71.27,109.94,111.84,0.0,124.28,124.9,104.22.6.9,443
2486,www.google.be,HTTP/3,17.5,25.47,71.44,72.9,0.0,119.8,129.87,172.217.19.67,443
2487,www.wpastra.com,HTTP/3,45.07,51.23,89.0,90.91,0.0,744.43,744.59,104.26.4.37,443
2495,www.disney.com,HTTP/3,43.2,63.93,101.46,102.7,0.0,1190.29,1274.24,2.21.245.187,443
2499,www.google.at,HTTP/3,217.38,228.41,277.63,279.04,0.0,327.08,331.1,142.250.181.195,443
2500,www.lazada.com.ph,HTTP/3,293.54,309.51,347.57,349.37,0.0,381.52,445.52,163.181.92.201,443
2503,www.gamespot.com,HTTP/3,49.83,63.99,102.7,103.68,0.0,118.08,154.62,146.75.120.194,443
2506,www.walkme.com,HTTP/3,75.33,79.8,117.45,118.8,0.0,1678.91,1691.47,141.193.213.21,443
2507,www.google.co.th,HTTP/3,623.59,635.74,683.4,684.84,0.0,736.75,742.13,172.217.19.67,443
2512,www.wpguardian.com,HTTP/3,50.81,63.66,101.06,102.74,0.0,1802.55,1802.65,172.67.143.79,443
2516,www.wpguardian.io,HTTP/3,51.65,64.26,102.43,104.11,0.0,754.79,754.94,172.67.130.18,443
2517,www.nexon.com,HTTP/3,24.75,30.14,67.84,68.91,0.0,77.31,77.4,52.84.150.63,443
2518,www.slashdot.org,HTTP/3,114.4,118.79,159.12,160.91,0.0,356.13,356.23,104.18.4.215,443
2519,www.auth0.com,HTTP/3,13.15,15.71,55.59,57.34,0.0,120.28,128.94,104.17.255.182,443
2522,www.dondominio.com,HTTP/3,43.19,63.79,159.65,161.82,0.0,237.33,237.4,37.152.88.156,443
2531,www.imf.org,HTTP/3,26.31,31.78,70.94,71.97,0.0,1080.44,1080.54,95.100.248.218,443
2533,www.easybrain.com,HTTP/3,33.04,37.06,77.9,79.75,0.0,532.32,532.43,104.18.35.247,443
2539,www.cookiebot.com,HTTP/3,21.01,26.16,64.72,66.64,0.0,125.62,146.04,141.193.213.21,443
2548,www.google.com.tw,HTTP/3,1896.15,1907.55,1955.88,1957.33,0.0,2003.52,2008.14,172.217.19.67,443
2550,www.pubnative.net,HTTP/3,46.46,50.4,89.66,91.55,0.0,560.82,560.93,141.193.213.20,443
2553,www.lazada.sg,HTTP/3,161.02,180.64,219.19,220.95,0.0,258.54,336.42,163.181.92.201,443
2556,www.tmz.com,HTTP/3,15.05,15.53,53.93,55.4,0.0,192.05,253.13,3.168.217.96,443
2563,www.hbo.com,HTTP/3,27.65,32.22,70.88,71.64,0.0,85.52,101.43,146.75.121.55,443
2567,www.sensic.net,HTTP/3,15.49,22.19,60.66,61.9,0.0,153.43,153.86,3.162.79.42,443
2573,www.instructables.com,HTTP/3,56.86,64.08,107.07,108.19,0.0,124.41,143.78,146.75.123.52,443
2579,www.tinypass.com,HTTP/3,35.22,40.22,77.47,79.3,0.0,110.63,110.83,104.18.223.248,443
2584,www.web.dev,HTTP/3,58.52,64.1,112.31,114.09,0.0,224.41,224.51,172.217.16.78,443
2596,www.lazada.com,HTTP/3,342.09,357.76,396.38,398.12,0.0,660.61,660.71,163.181.92.205,443
2599,www.thoughtco.com,HTTP/3,26.24,31.88,74.17,75.12,0.0,227.99,346.97,146.75.121.91,443
2609,www.bigcommerce.com,HTTP/3,63.73,68.11,107.15,108.23,0.0,644.45,746.3,192.200.160.253,443
2614,www.flaticon.com,HTTP/3,35.15,53.36,91.24,93.04,0.0,178.65,201.02,2.22.231.10,443
2615,www.capitaloneshopping.com,HTTP/3,36.96,41.13,78.99,80.22,0.0,100.4,100.49,104.18.42.237,443
2620,www.shop.app,HTTP/3,65.87,70.75,109.56,111.42,0.0,134.7,134.81,185.146.173.20,443
2624,www.standard.co.uk,HTTP/3,79.36,83.27,120.58,122.41,0.0,207.31,405.43,104.18.43.17,443
2626,www.google.se,HTTP/3,61.84,64.36,111.69,113.14,0.0,159.08,165.88,142.250.181.195,443
2636,www.cyberprotector.online,HTTP/3,111.39,128.0,168.27,169.99,0.0,603.53,604.2,172.67.145.43,443
2637,www.snssdk.com,HTTP/3,670.8,757.4,984.98,986.11,0.0,1134.2,1134.27,122.14.229.128,443
2638,www.lequipe.fr,HTTP/3,56.91,63.55,101.8,102.91,0.0,147.23,238.82,104.79.40.56,443
2639,www.nymag.com,HTTP/3,15.65,28.76,68.88,69.86,0.0,82.48,82.56,199.232.197.246,443
2643,www.libsyn.com,HTTP/3,64.78,68.52,108.26,110.14,0.0,414.25,414.32,104.16.151.108,443
2651,www.jimdofree.com,HTTP/3,60.26,64.4,104.45,106.33,0.0,244.35,244.56,172.64.152.43,443
2655,www.loom.com,HTTP/3,81.12,87.18,125.8,127.06,0.0,193.06,213.35,3.160.39.13,443
2666,www.lifehacker.com,HTTP/3,34.08,38.84,78.78,80.67,0.0,108.22,108.34,104.18.34.146,443
2668,www.moz.com,HTTP/3,39.08,43.44,83.81,85.71,0.0,108.05,108.18,104.16.127.24,443
2669,www.paramountplus.com,HTTP/3,29.16,31.98,72.51,74.54,0.0,242.74,242.84,146.75.121.91,443
2675,www.vogue.com,HTTP/3,12.13,15.71,53.88,55.14,0.0,204.59,505.21,18.66.2.27,443
2680,www.windy.com,HTTP/3,32.31,38.24,78.14,79.08,0.0,108.32,110.44,3.168.217.128,443
2682,www.phantom.app,HTTP/3,36.94,41.01,80.08,82.04,0.0,96.19,96.27,104.18.35.227,443
2691,www.jivox.com,HTTP/3,76.26,80.21,118.02,119.89,0.0,437.19,437.26,141.193.213.20,443
2692,www.hostinger.com,HTTP/3,99.78,112.19,149.51,150.84,0.0,244.68,307.9,104.16.65.50,443
2694,www.wa.link,HTTP/3,127.62,128.11,166.22,168.1,0.0,180.18,180.24,104.22.15.3,443
2697,www.ahrefs.com,HTTP/3,11.7,16.24,55.06,56.94,0.0,124.8,124.9,172.64.148.115,443
2701,www.redbull.com,HTTP/3,13.44,16.0,54.39,56.86,0.0,80.34,80.44,2.22.231.12,443
2705,www.amazon.com.tr,HTTP/3,96.2,102.02,141.24,142.48,0.0,218.54,310.53,3.168.217.84,443
2706,www.leroymerlin.com,HTTP/3,87.22,107.1,147.19,148.59,0.0,161.59,165.72,146.75.122.64,443
2710,www.lazada.co.th,HTTP/3,898.87,916.34,955.65,957.45,0.0,974.12,1070.02,163.181.92.206,443
2711,www.fitbit.com,HTTP/3,37.02,56.05,105.01,106.47,0.0,247.63,247.71,35.244.211.136,443
2712,www.google.com.ar,HTTP/3,473.29,481.79,532.01,533.48,0.0,572.61,580.49,142.250.181.195,443
2722,www.google.cz,HTTP/3,49.92,57.88,103.2,104.65,0.0,146.38,152.92,142.250.181.195,443
2725,www.padlet.com,HTTP/3,26.45,31.73,79.72,81.59,0.0,274.59,274.7,104.18.42.238,443
2732,www.perl.org,HTTP/3,73.58,91.39,129.78,131.11,0.0,144.25,145.39,146.75.121.55,443
2734,www.unruly.co,HTTP/3,28.28,31.82,70.11,71.9,0.0,215.21,215.3,141.193.213.10,443
2737,www.wowjobs.ca,HTTP/3,62.39,63.95,101.72,103.59,0.0,113.42,113.5,172.64.146.136,443
2738,www.memfault.com,HTTP/3,77.37,81.17,124.5,126.35,0.0,355.1,355.18,141.193.213.21,443
2739,www.google.us,HTTP/3,72.82,86.8,142.04,143.6,0.0,163.89,164.0,142.251.209.131,443
2740,www.thenai.org,HTTP/3,47.69,51.75,89.43,91.17,0.0,589.79,589.87,141.193.213.11,443
2745,www.icanhazip.com,HTTP/3,15.7,29.67,67.79,69.65,0.0,91.68,91.76,104.16.185.241,443
2746,www.xham.live,HTTP/3,491.48,495.52,534.01,535.78,0.0,575.84,575.95,104.17.118.12,443
2749,www.google.com.vn,HTTP/3,33.64,45.05,92.35,93.77,0.0,149.56,154.56,142.250.181.195,443
2751,www.tmall.com,HTTP/3,210.46,227.34,266.1,267.67,0.0,289.41,337.18,163.181.92.223,443
2759,www.fbi.gov,HTTP/3,100.07,104.91,144.68,146.57,0.0,161.1,161.68,104.16.148.244,443
2762,www.google.pt,HTTP/3,609.33,624.48,685.79,687.44,0.0,739.7,748.3,142.251.209.131,443
2763,www.pushwoosh.com,HTTP/3,86.23,92.34,130.85,132.85,0.0,204.51,370.14,3.162.79.114,443
2764,www.google.gr,HTTP/3,940.14,953.89,1005.57,1007.76,0.0,1061.09,1068.11,142.250.181.195,443
2771,www.int08h.com,HTTP/3,39.76,54.95,107.75,109.67,0.0,123.28,123.8,151.101.1.195,443
2772,www.gog.com,HTTP/3,14.02,15.55,73.39,74.99,0.0,121.44,121.55,146.75.121.55,443
2787,www.heart.org,HTTP/3,38.33,43.61,83.92,85.81,0.0,208.13,211.28,104.18.27.158,443
2788,www.crazyegg.com,HTTP/3,52.57,57.05,95.56,97.41,0.0,237.75,247.16,104.19.147.8,443
2801,www.zeit.de,HTTP/3,14.36,15.98,54.43,55.21,0.0,70.57,70.68,146.75.121.55,443
2803,www.vanityfair.com,HTTP/3,31.86,36.74,73.84,75.08,0.0,95.73,224.23,3.168.217.101,443
2806,www.osu.edu,HTTP/3,158.14,163.62,201.72,203.01,0.0,623.53,931.95,18.64.119.49,443
2811,www.watchguard.com,HTTP/3,57.97,62.56,106.32,107.4,0.0,160.61,184.33,104.17.197.238,443
2813,www.consumerreports.org,HTTP/3,269.98,430.19,468.53,470.74,0.0,631.21,631.33,3.169.183.53,443
2814,www.expressen.se,HTTP/3,95.46,108.66,146.84,147.78,0.0,207.7,245.62,146.75.121.91,443
2815,www.cancer.org,HTTP/3,70.49,85.44,132.58,134.74,0.0,262.56,314.7,146.75.123.10,443
2826,www.generatepress.com,HTTP/3,37.9,42.2,79.93,81.78,0.0,91.83,95.3,172.67.75.98,443
2832,www.google.hu,HTTP/3,109.76,123.74,174.9,176.5,0.0,226.11,232.49,172.217.16.67,443
2835,www.google.ro,HTTP/3,132.62,143.97,191.74,193.29,0.0,240.89,270.35,142.250.181.195,443
2840,www.google.co.kr,HTTP/3,27.21,31.8,79.1,80.59,0.0,126.6,134.38,142.251.209.131,443
2843,www.cosmopolitan.com,HTTP/3,48.89,63.13,114.26,115.73,0.0,129.32,174.5,146.75.120.155,443
2848,www.grindr.com,HTTP/3,71.91,81.6,119.61,121.47,0.0,310.18,318.1,104.16.234.5,443
2849,www.connectad.io,HTTP/3,48.49,53.13,90.85,92.75,0.0,184.68,184.78,172.67.8.174,443
2852,www.google.ch,HTTP/3,58.52,64.38,129.42,130.96,0.0,185.96,187.78,142.250.181.195,443
2859,www.2miners.com,HTTP/3,37.46,41.89,80.35,82.22,0.0,171.81,171.92,172.67.73.5,443
2860,www.qualcomm.com,HTTP/3,43.46,47.36,85.72,87.81,0.0,104.28,104.97,104.18.43.65,443
2862,www.google.com.co,HTTP/3,40.47,48.64,93.83,95.4,0.0,138.07,144.66,142.251.209.131,443
2868,www.netgate.com,HTTP/3,172.52,178.29,216.42,218.26,0.0,278.47,297.2,199.60.103.226,443
2869,www.smartsheet.com,HTTP/3,111.67,128.23,166.96,167.92,0.0,185.5,218.41,146.75.122.191,443
2872,www.doordash.com,HTTP/3,15.36,19.42,58.02,59.89,0.0,93.05,93.64,172.64.151.31,443
2875,www.esquire.com,HTTP/3,35.16,48.82,100.35,101.82,0.0,116.75,169.91,146.75.120.155,443
2876,www.cell.com,HTTP/3,120.09,124.45,162.23,164.07,0.0,202.42,203.03,162.159.140.114,443
2884,www.undp.org,HTTP/3,65.04,79.97,117.41,119.16,0.0,187.68,207.2,2.22.231.12,443
2890,www.clickup.com,HTTP/3,11.94,15.48,52.63,53.85,0.0,58.6,58.77,3.162.79.30,443
2893,www.google.cl,HTTP/3,81.28,90.13,134.25,135.75,0.0,178.67,185.54,172.217.19.67,443
2895,www.ninjarmm.com,HTTP/3,49.26,54.62,92.25,93.98,0.0,322.19,322.28,141.193.213.21,443
2899,www.amung.us,HTTP/3,34.69,38.92,77.02,78.9,0.0,462.94,463.1,104.22.74.171,443
2919,www.meta.com,HTTP/3,8.96,15.52,56.63,57.57,0.0,110.58,110.67,157.240.251.6,443
2928,www.notion.site,HTTP/3,57.58,62.49,101.33,103.19,0.0,114.32,114.41,208.103.161.32,443
2929,www.momentohq.com,HTTP/3,28.85,32.41,70.82,72.65,0.0,655.22,655.31,141.193.213.10,443
2935,www.urbandictionary.com,HTTP/3,13.46,16.06,63.94,66.18,0.0,185.44,212.7,34.160.205.245,443
2941,www.quillbot.com,HTTP/3,16.55,21.25,60.85,62.65,0.0,79.49,79.59,104.18.36.252,443
2945,www.ex.co,HTTP/3,48.64,53.55,91.76,93.52,0.0,584.74,584.82,141.193.213.11,443
2946,www.goodhousekeeping.com,HTTP/3,26.51,32.04,82.57,83.93,0.0,98.55,156.51,146.75.120.155,443
2949,www.theregister.com,HTTP/3,43.14,47.53,86.67,88.49,0.0,151.44,160.89,104.18.5.22,443
2962,www.elle.com,HTTP/3,37.87,51.94,121.06,122.46,0.0,138.32,184.74,146.75.120.155,443
2965,www.1688.com,HTTP/3,264.97,281.29,322.14,323.73,0.0,572.22,596.12,163.181.92.222,443
2966,www.google.com.pe,HTTP/3,634.42,647.9,702.22,704.51,0.0,754.77,763.07,142.250.181.195,443
2973,www.chron.com,HTTP/3,136.71,151.07,190.64,191.7,0.0,228.99,229.08,146.75.120.200,443
2976,www.kolesa.kz,HTTP/3,126.47,128.07,293.17,295.29,0.0,376.87,376.97,185.143.129.25,443
2981,www.mountain.com,HTTP/3,13.6,16.18,56.97,58.84,0.0,798.81,798.9,141.193.213.10,443
2993,www.unimelb.edu.au,HTTP/3,850.78,856.97,895.25,896.35,0.0,1201.08,1216.41,2.58.104.10,443
2997,www.blogspot.co.uk,HTTP/3,51.53,64.12,116.02,119.22,0.0,225.34,225.47,142.250.181.201,443
3002,www.crypto.com,HTTP/3,41.96,47.48,85.55,87.42,0.0,136.25,136.35,104.19.223.17,443
3003,www.inmotionhosting.com,HTTP/3,214.9,219.1,256.61,258.43,0.0,387.38,474.91,172.66.41.31,443
3005,www.google.com.ua,HTTP/3,77.29,94.02,195.04,196.55,0.0,244.57,245.07,142.250.181.195,443
3008,www.demandbase.com,HTTP/3,45.38,49.38,89.4,91.27,0.0,185.08,200.37,162.159.134.42,443
3012,www.walgreens.com,HTTP/3,55.4,63.9,108.35,109.51,0.0,231.39,267.25,95.100.248.197,443
3017,www.ay.delivery,HTTP/3,73.43,98.24,136.81,138.46,0.0,196.99,197.07,172.67.149.20,443
3018,www.hexsdk.com,HTTP/3,39.55,59.45,97.49,99.15,0.0,521.61,561.23,172.67.221.7,443
3025,www.piano.io,HTTP/3,17.38,21.86,61.44,63.32,0.0,164.24,254.97,104.16.143.111,443
3037,www.vrbo.com,HTTP/3,94.03,98.87,137.19,138.37,0.0,240.22,260.13,95.100.248.214,443
3041,www.ask.com,HTTP/3,35.23,49.36,88.14,89.42,0.0,105.68,121.18,146.75.122.114,443
3046,www.minepi.com,HTTP/3,70.49,74.73,112.85,114.59,0.0,463.16,463.24,141.193.213.20,443
3055,www.skimresources.com,HTTP/3,25.41,32.02,80.48,81.93,0.0,106.87,107.03,35.190.25.30,443
3066,www.gumroad.com,HTTP/3,34.72,38.93,76.94,78.72,0.0,87.74,87.83,104.18.243.99,443
3082,www.thehindu.com,HTTP/3,14.31,15.86,53.17,55.1,0.0,79.06,99.5,104.18.9.4,443
3087,www.hotels.com,HTTP/3,50.7,61.23,99.94,101.23,0.0,193.67,221.75,23.222.85.197,443
3103,www.bitly.com,HTTP/3,25.81,32.27,82.2,83.24,0.0,181.6,181.69,67.199.248.15,443
3105,www.nokia.com,HTTP/3,60.96,64.52,108.01,109.14,0.0,127.48,127.6,23.63.119.83,443
3120,www.thuvienphapluat.vn,HTTP/3,45.18,49.25,87.93,89.81,0.0,691.99,692.09,172.67.75.105,443
3122,www.straitstimes.com,HTTP/3,59.95,64.53,102.59,104.04,0.0,148.74,277.76,3.160.39.112,443
3124,www.unrealengine.com,HTTP/3,66.11,71.94,109.44,111.26,0.0,124.13,124.73,104.18.21.177,443
3128,www.auvik.com,HTTP/3,69.21,73.4,110.75,112.6,0.0,376.79,411.53,141.193.213.21,443
3129,www.aylanetworks.com,HTTP/3,80.41,100.78,148.73,150.18,0.0,182.86,325.57,34.149.87.45,443
3131,www.livemint.com,HTTP/3,36.69,40.99,79.03,80.77,0.0,210.66,244.3,95.100.248.220,443
3135,www.boredpanda.com,HTTP/3,86.78,91.71,129.27,130.52,0.0,796.81,1317.07,18.64.119.76,443
3147,www.cpan.org,HTTP/3,66.18,84.04,127.36,128.33,0.0,141.99,142.56,146.75.121.55,443
3168,www.flightradar24.com,HTTP/3,13.98,15.53,54.35,56.23,0.0,108.66,111.54,104.18.98.112,443
3176,www.liveintent.com,HTTP/3,14.27,15.88,53.21,55.08,0.0,204.51,261.05,141.193.213.21,443
3178,www.google.com.sg,HTTP/3,58.52,64.11,120.12,121.6,0.0,171.14,177.55,142.250.181.195,443
3179,www.redbubble.com,HTTP/3,14.49,17.18,57.47,59.32,0.0,78.68,78.84,104.18.40.219,443
3203,www.n1info.rs,HTTP/3,44.19,48.4,86.35,88.19,0.0,107.24,107.33,104.18.42.100,443
3207,www.upmusics.com,HTTP/3,77.08,128.73,295.89,297.07,0.0,621.73,621.8,185.170.8.248,443
3208,www.apptentive.com,HTTP/3,34.16,38.56,76.09,77.94,0.0,308.82,308.94,162.159.135.42,443
3212,www.thingiverse.com,HTTP/3,16.8,23.49,60.82,62.15,0.0,301.86,302.73,104.19.147.91,443
3216,www.ohchr.org,HTTP/3,17.08,21.49,58.77,60.62,0.0,73.36,73.69,172.67.36.17,443
3217,www.pypi.org,HTTP/3,48.06,62.28,101.03,101.83,0.0,115.09,115.19,151.101.0.223,443
3224,www.medscape.com,HTTP/3,14.83,16.44,54.17,56.04,0.0,600.73,615.65,104.18.37.101,443
3226,www.cedexis.com,HTTP/3,105.85,111.9,149.98,151.24,0.0,169.49,169.87,18.64.119.79,443
3233,www.elong.com,HTTP/3,94.47,128.09,166.68,168.12,0.0,1675.22,1706.92,2.22.231.12,443
3244,www.69shuba.com,HTTP/3,27.68,31.79,70.23,72.1,0.0,82.83,82.92,172.67.73.119,443
3262,www.brstej.com,HTTP/3,42.97,60.2,98.89,100.56,0.0,150.85,150.96,104.21.11.206,443
3271,www.trustedstack.com,HTTP/3,41.74,58.94,96.99,98.68,0.0,407.54,407.97,104.21.7.164,443
3273,www.helpshift.com,HTTP/3,49.15,53.31,93.34,95.11,0.0,252.19,298.58,141.193.213.20,443
3282,www.zapier.com,HTTP/3,16.34,24.33,64.24,65.48,0.0,92.62,92.71,18.64.79.78,443
3285,www.jpost.com,HTTP/3,39.4,52.42,100.43,101.78,0.0,224.16,265.18,34.149.213.158,443
3289,www.ecwid.com,HTTP/3,26.8,32.35,1034.52,1035.78,0.0,1235.81,1254.41,18.64.103.39,443
3290,www.ijavhd.com,HTTP/3,35.17,40.45,78.2,80.03,0.0,102.86,102.95,172.67.24.91,443
3291,www.thestreet.com,HTTP/3,39.68,54.5,92.62,93.85,0.0,182.04,182.18,151.101.130.98,443
3295,www.wistia.com,HTTP/3,21.14,31.69,69.32,70.08,0.0,82.42,82.48,146.75.121.91,443
3299,www.komikindo2.com,HTTP/3,47.43,62.41,100.15,101.8,0.0,169.47,169.6,172.67.140.13,443
3301,www.google.co.za,HTTP/3,523.72,534.78,586.03,587.64,0.0,650.07,652.07,142.251.209.131,443
3306,www.surahquran.com,HTTP/3,37.7,55.1,92.23,93.87,0.0,121.43,121.55,172.67.164.246,443
3311,www.paypal.me,HTTP/3,55.63,64.2,102.05,103.43,0.0,300.17,300.26,146.75.121.21,443
3313,www.anime-world.co,HTTP/3,37.92,53.23,96.96,98.61,0.0,147.35,147.55,104.21.52.199,443
3316,www.google.dk,HTTP/3,45.07,56.66,103.92,105.55,0.0,177.0,184.21,142.251.209.131,443
3322,www.qnap.com,HTTP/3,28.01,31.57,68.81,70.07,0.0,76.8,76.91,18.64.103.109,443
3326,www.nerdwallet.com,HTTP/3,62.47,64.09,103.39,105.23,0.0,575.59,743.88,104.18.33.33,443
3332,www.vailonxx.co,HTTP/3,55.56,64.59,107.06,108.69,0.0,309.03,309.19,172.67.211.142,443
3339,www.moviesda.cool,HTTP/3,84.58,102.97,145.87,147.52,0.0,226.09,226.3,172.67.145.70,443
3346,www.google.fi,HTTP/3,16.79,30.99,81.53,82.94,0.0,134.95,141.34,142.250.181.195,443
3347,www.greenpeace.org,HTTP/3,102.07,118.05,155.56,157.23,0.0,194.99,195.07,104.21.65.53,443
3350,www.google.co.il,HTTP/3,2614.86,2628.56,2680.43,2681.87,0.0,2739.2,2749.37,172.217.16.67,443
3352,www.chegg.com,HTTP/3,37.71,43.76,82.17,83.75,0.0,261.7,262.04,3.160.39.22,443
3358,www.nbc.com,HTTP/3,55.23,63.8,128.76,129.78,0.0,365.66,478.9,2.22.231.8,443
3361,www.cricbet99.club,HTTP/3,120.99,124.78,163.3,164.59,0.0,181.82,182.74,18.66.2.64,443
3373,www.kolkataff.tv,HTTP/3,62.17,65.2,107.54,109.19,0.0,630.76,630.9,104.21.32.1,443
3380,www.xhamsterlive.com,HTTP/3,16.53,21.63,60.12,61.99,0.0,109.41,109.59,104.17.111.106,443
3382,www.snowflake.com,HTTP/3,40.45,46.08,89.33,90.42,0.0,231.42,231.64,141.193.213.20,443
3383,www.google.co.nz,HTTP/3,626.67,637.51,685.52,686.99,0.0,736.18,742.0,172.217.19.67,443
3387,www.box.net,HTTP/3,116.17,128.06,179.3,180.47,0.0,348.21,348.4,74.112.186.156,443
3388,www.guard.io,HTTP/3,50.94,64.18,122.83,124.32,0.0,249.61,249.72,34.102.139.130,443
3398,www.nobelprize.org,HTTP/3,37.1,42.02,80.14,82.03,0.0,139.49,158.08,104.18.11.203,443
3403,www.aidemsrv.com,HTTP/3,36.79,40.86,78.49,80.88,0.0,93.75,93.84,104.18.7.198,443
3404,www.timesofisrael.com,HTTP/3,57.98,63.31,101.8,103.04,0.0,117.0,117.81,104.18.28.18,443
3406,www.codepen.io,HTTP/3,21.14,25.55,63.74,65.67,0.0,73.06,73.14,104.16.163.32,443
3407,www.google.ie,HTTP/3,50.64,62.11,111.86,113.79,0.0,159.15,164.17,142.250.181.195,443
3408,www.a2hosting.com,HTTP/3,79.49,85.74,124.06,125.97,0.0,167.59,167.7,104.18.192.90,443
3418,www.9gag.com,HTTP/3,51.91,63.69,101.82,103.66,0.0,216.72,216.82,104.16.106.144,443
3420,www.arkoselabs.com,HTTP/3,73.02,80.71,118.27,119.49,0.0,137.38,158.81,3.168.217.109,443
3425,www.aviasales.ru,HTTP/3,22.44,27.7,65.48,66.4,0.0,118.58,182.21,18.66.2.91,443
3433,www.fastly-insights.com,HTTP/3,47.24,63.23,106.25,107.11,0.0,119.86,120.02,146.75.122.91,443
3434,www.hubspot.net,HTTP/3,30.64,31.8,73.5,75.32,0.0,136.58,136.76,199.60.103.226,443
3450,www.blismedia.com,HTTP/3,43.14,47.93,86.49,88.38,0.0,531.07,531.17,162.159.134.42,443
3456,www.tripadvisor.co.uk,HTTP/3,21.3,32.87,72.23,73.27,0.0,184.76,184.92,146.75.122.40,443
3458,www.envato.com,HTTP/3,25.6,32.32,72.51,74.38,0.0,90.15,90.26,172.64.147.157,443
3461,www.google.bg,HTTP/3,220.22,228.32,273.45,274.92,0.0,317.6,324.78,142.251.209.131,443
3464,www.shodan.io,HTTP/3,28.44,32.04,70.84,72.7,0.0,109.36,112.66,104.18.13.238,443
3466,www.myanimelist.net,HTTP/3,30.58,32.14,69.47,71.66,0.0,689.29,689.42,2.22.231.7,443
3469,www.page.link,HTTP/3,125.87,128.51,176.4,177.88,0.0,209.99,210.13,142.250.181.193,443
3470,www.adthrive.com,HTTP/3,47.76,52.05,90.52,92.26,0.0,706.28,706.36,141.193.213.11,443
3472,www.abc.es,HTTP/3,135.39,149.01,186.16,187.56,0.0,202.76,243.17,146.75.122.153,443
3475,www.sueddeutsche.de,HTTP/3,37.91,42.71,79.81,81.03,0.0,97.73,303.96,18.64.103.107,443
3484,www.gitbook.io,HTTP/3,28.57,32.09,69.69,71.56,0.0,82.61,82.68,172.64.147.209,443
3495,www.repocket.com,HTTP/3,35.33,53.0,90.61,92.28,0.0,118.16,118.26,104.21.87.17,443
3515,www.breitbart.com,HTTP/3,13.77,16.33,66.97,69.06,0.0,111.21,149.91,34.117.28.18,443
3523,www.ubereats.com,HTTP/3,50.03,64.64,112.88,113.86,0.0,2626.47,2631.18,104.36.194.7,443
3524,www.google.sk,HTTP/3,54.56,64.15,113.75,116.04,0.0,167.61,177.21,172.217.16.67,443
3525,www.media6degrees.com,HTTP/3,102.16,106.01,144.56,146.31,0.0,855.27,855.36,141.193.213.10,443
3528,www.sofascore.com,HTTP/3,34.66,49.32,86.64,87.98,0.0,103.55,155.88,146.75.123.52,443
3534,www.hetzner.com,HTTP/3,17.54,32.11,85.42,86.56,0.0,103.62,123.62,213.133.116.44,443
3543,www.traveloka.com,HTTP/3,101.89,107.22,144.98,146.25,0.0,179.41,179.48,18.64.79.83,443
3546,www.google.com.eg,HTTP/3,204.71,218.45,268.72,270.15,0.0,326.37,333.48,172.217.16.67,443
3547,www.menshealth.com,HTTP/3,8.61,16.18,66.24,67.57,0.0,82.92,139.29,146.75.120.155,443
3555,www.google.hr,HTTP/3,222.46,230.95,276.73,278.97,0.0,325.82,330.62,142.250.181.195,443
3558,www.news24.com,HTTP/3,10.6,15.53,61.86,64.93,0.0,84.85,85.41,104.17.250.6,443
3566,www.tomsguide.com,HTTP/3,58.3,63.89,101.87,102.85,0.0,118.84,208.63,146.75.122.114,443
3570,www.unep.org,HTTP/3,107.23,112.61,149.66,151.5,0.0,346.36,361.85,172.67.7.119,443
3573,www.pxf.io,HTTP/3,47.04,63.22,120.06,122.16,0.0,148.51,148.63,35.201.76.231,443
3574,www.wireshark.org,HTTP/3,35.31,53.67,96.64,98.49,0.0,131.18,147.91,104.26.11.240,443
3575,www.softonic.com,HTTP/3,76.27,90.16,132.38,133.41,0.0,146.66,146.83,146.75.121.91,443
3584,www.space.com,HTTP/3,39.42,53.02,90.22,91.18,0.0,105.56,166.76,146.75.122.114,443
3588,www.study.com,HTTP/3,35.27,42.44,81.68,83.22,0.0,122.59,122.69,18.64.119.5,443
3593,www.lazada.com.my,HTTP/3,115.1,128.72,167.06,168.87,0.0,187.34,268.94,163.181.92.208,443
3595,www.celtra.com,HTTP/3,9.15,15.12,56.98,58.77,0.0,732.23,732.34,141.193.213.11,443
3598,www.moodle.com,HTTP/3,16.63,21.32,59.42,61.17,0.0,556.29,556.49,141.193.213.10,443
3599,www.news18.com,HTTP/3,13.5,16.09,63.61,65.64,0.0,208.32,304.14,23.58.102.93,443
3601,www.google.com.ph,HTTP/3,51.87,63.16,111.0,112.41,0.0,162.64,173.07,142.250.181.195,443
3605,www.mysterium.network,HTTP/3,117.14,127.72,172.7,174.13,0.0,205.8,310.15,34.149.87.45,443
3609,www.colorlib.com,HTTP/3,34.8,39.17,76.59,78.41,0.0,234.14,234.32,172.67.26.100,443
3610,www.yle.fi,HTTP/3,634.2,640.54,679.87,681.17,0.0,693.95,694.05,18.64.119.27,443
3614,www.backblaze.com,HTTP/3,15.57,20.09,57.67,59.55,0.0,494.11,516.85,104.17.5.3,443
3616,www.adweek.com,HTTP/3,94.8,101.58,139.31,140.52,0.0,555.9,841.42,3.162.79.93,443
3618,www.google.no,HTTP/3,39.2,50.06,98.23,99.74,0.0,146.94,155.14,142.250.181.195,443
3619,www.cyberark.com,HTTP/3,16.2,25.11,63.4,65.31,0.0,296.95,361.54,104.16.68.86,443
3625,www.mastodon.social,HTTP/3,520.12,541.51,582.47,583.44,0.0,596.1,596.2,146.75.121.91,443
3626,www.rtbhouse.com,HTTP/3,21.68,32.07,76.81,78.31,0.0,122.47,151.73,34.117.237.115,443
3627,www.arduino.cc,HTTP/3,41.87,46.61,84.79,86.64,0.0,319.66,351.0,104.18.12.135,443
3637,www.statefarm.com,HTTP/3,176.13,181.4,232.51,233.96,0.0,336.18,355.75,95.100.248.194,443
3648,www.sjv.io,HTTP/3,69.8,82.7,134.24,137.62,0.0,161.75,161.84,35.227.211.136,443
3653,www.stuff.co.nz,HTTP/3,154.25,167.29,205.39,206.55,0.0,225.19,225.59,146.75.122.227,443
3654,www.howtogeek.com,HTTP/3,1.46,3.98,105.08,107.01,0.0,265.73,2104.72,3.222.102.97,443
3667,www.xlivrdr.com,HTTP/3,47.14,52.7,90.83,92.62,0.0,129.35,129.44,172.64.147.206,443
3689,www.dreamstime.com,HTTP/3,33.3,59.15,97.52,99.4,0.0,123.12,280.88,158.176.70.101,443
3701,www.google.com.my,HTTP/3,929.42,940.62,988.45,989.95,0.0,1040.9,1049.11,142.251.209.131,443
3703,www.remotepc.com,HTTP/3,17.13,21.55,60.08,61.92,0.0,760.72,760.88,104.22.41.86,443
3710,www.termsfeed.com,HTTP/3,9.41,14.04,60.55,62.3,0.0,85.34,92.58,104.26.6.160,443
3719,www.ourworldindata.org,HTTP/3,27.6,32.17,70.54,72.4,0.0,108.36,108.47,104.26.2.153,443
3722,www.anyclip.com,HTTP/3,30.69,32.27,72.94,74.95,0.0,563.97,564.09,141.193.213.10,443
3733,www.t.ly,HTTP/3,55.83,60.5,99.17,101.06,0.0,107.36,107.46,104.20.7.133,443
3736,www.pcgamer.com,HTTP/3,26.28,32.06,69.23,70.22,0.0,91.02,187.25,146.75.122.114,443
3757,www.outlookindia.com,HTTP/3,131.43,135.48,174.41,176.2,0.0,494.68,542.79,104.18.93.198,443
3762,www.zebra.com,HTTP/3,36.19,52.65,90.78,91.82,0.0,108.56,108.67,146.75.123.10,443
3771,www.amnesty.org,HTTP/3,74.44,78.55,117.66,119.48,0.0,159.03,159.16,141.193.213.21,443
3772,www.politico.eu,HTTP/3,52.05,57.2,95.27,97.57,0.0,173.91,211.19,104.18.20.20,443
3779,www.feedly.com,HTTP/3,16.68,21.02,60.11,61.17,0.0,69.01,69.09,104.20.10.19,443
3782,www.domaintools.com,HTTP/3,50.49,54.79,92.7,94.04,0.0,312.53,335.89,141.193.213.20,443
3785,www.rte.ie,HTTP/3,28.01,31.59,70.89,73.64,0.0,130.51,164.56,104.18.125.28,443
3787,www.thetimes.com,HTTP/3,62.38,63.99,101.85,103.13,0.0,852.34,971.47,18.66.2.106,443
3788,www.virustotal.com,HTTP/3,9.88,15.39,65.63,67.15,0.0,196.38,196.45,34.54.88.138,443
3796,www.lazada.vn,HTTP/3,76.02,93.08,131.16,132.93,0.0,195.15,3306.39,163.181.92.202,443
3798,www.virginmedia.com,HTTP/3,133.8,146.84,194.79,195.95,0.0,229.98,296.79,34.96.124.227,443
3803,www.popularmechanics.com,HTTP/3,64.66,78.11,128.58,130.83,0.0,148.9,213.73,146.75.120.155,443
3814,www.1isaidub.net,HTTP/3,39.34,54.1,91.51,93.14,0.0,170.64,170.75,104.21.16.166,443
3821,www.takeaway.com,HTTP/3,30.46,32.03,70.62,72.09,0.0,83.82,84.46,172.64.150.153,443
3823,www.paypalobjects.com,HTTP/3,57.01,64.55,102.16,103.15,0.0,116.03,116.13,146.75.123.1,443
3824,www.wixapps.net,HTTP/3,55.31,63.91,103.47,104.41,0.0,288.56,288.69,34.149.206.255,443
3832,www.romarg.com,HTTP/3,903.25,944.04,1021.33,1023.0,0.0,1063.84,1071.58,89.42.217.5,443
3835,www.matillion.com,HTTP/3,33.4,37.37,75.89,77.59,0.0,255.32,691.23,162.159.136.54,443
3837,www.findlaw.com,HTTP/3,18.37,23.54,63.65,65.63,0.0,83.75,84.33,104.17.77.186,443
3844,www.google.ae,HTTP/3,51.59,61.05,107.3,108.76,0.0,156.84,163.51,142.251.209.131,443
3855,www.arlo.com,HTTP/3,54.41,58.35,96.88,98.42,0.0,110.85,111.45,104.18.43.99,443
3859,www.flightaware.com,HTTP/3,15.22,15.61,53.94,55.82,0.0,264.49,285.34,104.18.39.201,443
3872,www.protechts.net,HTTP/3,1.98,3.53,60.29,61.35,0.0,189.17,189.26,35.190.10.96,443
3875,www.yolasite.com,HTTP/3,43.23,47.7,86.79,87.88,0.0,96.35,96.96,104.18.43.151,443
3877,www.pinduoduo.com,HTTP/3,66.0,128.58,345.5,346.94,0.0,627.26,628.35,129.226.98.71,443
3883,www.wordreference.com,HTTP/3,8.39,15.95,57.46,58.82,0.0,75.92,76.02,148.251.52.149,443
3890,www.archlinux.org,HTTP/3,16.05,31.62,70.8,72.61,0.0,104.9,105.02,95.217.163.246,443
3892,www.spreaker.com,HTTP/3,18.07,23.29,60.81,62.07,0.0,692.03,853.66,18.64.79.125,443
3894,www.google.com.pk,HTTP/3,61.56,64.08,109.66,111.6,0.0,158.9,164.67,142.250.181.195,443
3896,www.binance.info,HTTP/3,230.24,235.92,274.02,275.11,0.0,573.25,573.34,172.64.153.254,443
3903,www.wurl.com,HTTP/3,67.22,71.98,112.28,114.14,0.0,686.82,696.91,141.193.213.20,443
3908,www.themegrill.com,HTTP/3,37.51,43.46,82.31,84.2,0.0,1044.01,1044.09,172.67.74.16,443
3909,www.google.rs,HTTP/3,47.46,55.93,101.19,102.77,0.0,145.05,151.83,142.250.181.195,443
3917,www.mercedes-benz.com,HTTP/3,88.82,93.95,132.15,133.61,0.0,142.08,142.19,95.100.248.210,443
3925,www.coca-cola.com,HTTP/3,83.14,88.4,133.2,134.79,0.0,275.19,275.27,3.160.39.33,443
3932,www.nocookie.net,HTTP/3,66.44,80.72,119.08,120.48,0.0,134.5,148.96,199.232.208.194,443
3947,www.findagrave.com,HTTP/3,17.69,22.47,60.97,62.9,0.0,412.53,412.64,104.18.33.242,443
3954,www.abtasty.com,HTTP/3,15.1,15.6,53.62,55.46,0.0,311.15,329.3,162.159.135.42,443
3956,www.gamesradar.com,HTTP/3,81.19,94.46,131.94,132.88,0.0,150.05,324.57,146.75.122.114,443
3975,www.brevo.com,HTTP/3,44.14,48.33,85.89,87.73,0.0,111.1,139.52,104.18.37.40,443
3981,www.pbskids.org,HTTP/3,121.28,126.49,164.08,165.31,0.0,169.61,169.79,18.64.103.82,443
3984,www.ripe.net,HTTP/3,52.86,59.04,96.64,98.46,0.0,251.15,262.99,104.18.5.245,443
3988,www.fortnite.com,HTTP/3,36.49,40.78,78.34,80.19,0.0,94.33,94.95,104.18.24.192,443
3993,www.parade.com,HTTP/3,34.84,49.63,99.94,101.3,0.0,125.62,125.76,151.101.66.98,443
3997,www.365scores.com,HTTP/3,17.96,27.58,67.09,68.33,0.0,201.27,201.34,18.64.79.114,443
4002,www.ap.org,HTTP/3,68.11,84.32,123.93,125.43,0.0,291.1,321.96,141.193.213.21,443
4006,www.zoominfo.com,HTTP/3,15.26,15.69,55.51,57.23,0.0,194.45,195.09,104.16.118.43,443
4013,www.myfitnesspal.com,HTTP/3,15.12,15.64,54.19,56.11,0.0,462.33,797.89,172.64.153.11,443
4014,www.atlasobscura.com,HTTP/3,16.0,31.11,69.0,70.88,0.0,94.09,1454.41,104.26.1.248,443
4016,www.google.by,HTTP/3,43.15,54.98,104.56,106.07,0.0,155.9,161.47,172.217.16.67,443
4017,www.financialexpress.com,HTTP/3,48.65,53.69,91.74,93.27,0.0,231.57,340.9,23.58.101.116,443
4018,www.penguinrandomhouse.com,HTTP/3,41.99,47.82,85.42,87.43,0.0,3246.69,3522.56,18.64.119.75,443
4022,www.google.kz,HTTP/3,61.42,64.03,109.94,111.52,0.0,156.8,164.15,142.251.209.131,443
4028,www.google.com.sa,HTTP/3,301.68,312.4,361.43,362.99,0.0,409.86,418.28,142.250.181.195,443
4029,www.sciencealert.com,HTTP/3,16.6,23.18,60.21,62.0,0.0,737.88,764.9,104.18.19.94,443
4041,www.google.lv,HTTP/3,108.31,120.06,168.17,169.69,0.0,220.47,226.09,142.250.181.195,443
4047,www.gq.com,HTTP/3,41.75,47.29,85.34,86.55,0.0,105.74,285.91,3.168.217.69,443
4048,www.laroza.now,HTTP/3,45.39,49.84,87.32,89.19,0.0,115.13,115.2,172.67.72.30,443
4050,www.prtimes.jp,HTTP/3,53.61,64.27,101.96,102.88,0.0,116.75,116.81,146.75.121.55,443
4055,www.macrumors.com,HTTP/3,45.54,57.74,100.36,102.32,0.0,1010.01,1050.92,104.22.2.106,443
4058,www.thenextweb.com,HTTP/3,76.34,91.9,133.56,135.8,0.0,149.03,149.12,146.75.122.46,443
4059,www.bbcgoodfood.com,HTTP/3,81.61,96.86,143.39,144.43,0.0,159.1,218.48,146.75.121.91,443
4063,www.smartproxy.com,HTTP/3,31.96,36.02,74.6,76.48,0.0,88.35,88.44,104.22.31.115,443
4066,www.thinkwithgoogle.com,HTTP/3,52.33,63.28,118.3,120.02,0.0,264.94,265.23,142.250.181.209,443
4072,www.wondershare.com,HTTP/3,33.34,63.95,102.47,103.88,0.0,154.51,179.69,2.21.245.185,443
4074,www.clickmeeting.com,HTTP/3,68.02,88.17,143.02,144.6,0.0,166.92,166.98,51.195.74.156,443
4081,www.google.co.cr,HTTP/3,44.44,55.4,103.23,104.77,0.0,150.57,155.47,142.251.209.131,443
4083,www.google.co.ve,HTTP/3,49.57,58.31,104.37,106.6,0.0,160.62,162.25,142.250.181.195,443
4087,www.google.lt,HTTP/3,64.16,79.1,129.08,130.56,0.0,180.05,184.7,172.217.19.67,443
4088,www.google.si,HTTP/3,55.8,64.38,119.53,121.02,0.0,168.44,173.53,142.250.181.195,443
4106,www.alarabiya.net,HTTP/3,58.52,63.59,102.0,103.87,0.0,127.45,127.84,172.64.154.149,443
4111,www.bustle.com,HTTP/3,62.48,65.09,102.51,103.75,0.0,122.92,159.92,3.162.79.74,443
4113,www.ziprecruiter.com,HTTP/3,9.44,13.64,52.47,54.36,0.0,236.4,257.15,104.16.161.111,443
4114,www.knowbe4.com,HTTP/3,88.13,93.19,138.28,140.1,0.0,192.37,218.94,199.60.103.228,443
4117,www.googleoptimize.com,HTTP/3,20.8,29.3,78.77,80.34,0.0,187.38,187.6,142.250.181.206,443
4118,www.bollyflix.phd,HTTP/3,68.75,84.25,127.28,128.92,0.0,351.18,351.35,172.67.155.248,443
4119,www.google.com.ec,HTTP/3,52.43,64.04,114.21,115.63,0.0,172.24,177.47,142.250.181.195,443
4120,www.illumin.com,HTTP/3,89.64,94.56,136.74,138.62,0.0,712.09,712.2,162.159.135.42,443
4131,www.chrome.com,HTTP/3,14.49,16.17,68.27,71.3,0.0,90.59,90.7,216.239.32.27,443
4132,www.google.com.gt,HTTP/3,31.95,46.34,97.48,98.99,0.0,156.9,164.59,172.217.19.67,443
4137,www.colostate.edu,HTTP/3,58.37,62.53,100.74,102.63,0.0,330.4,347.16,141.193.213.20,443
4147,www.foreignpolicy.com,HTTP/3,38.68,43.01,81.54,83.45,0.0,102.93,103.02,104.26.11.97,443
4148,www.vidio.com,HTTP/3,41.2,57.47,95.89,97.8,0.0,996.74,1025.85,2.22.231.11,443
4150,www.polygon.com,HTTP/3,20.45,32.04,69.84,70.59,0.0,86.04,167.02,146.75.123.52,443
4154,www.huffingtonpost.co.uk,HTTP/3,55.38,63.95,102.28,103.2,0.0,122.87,190.12,146.75.122.114,443
4167,www.google.com.bd,HTTP/3,208.46,223.25,273.09,274.64,0.0,319.66,326.56,142.251.209.131,443
4170,www.google.ee,HTTP/3,39.42,53.35,102.95,104.44,0.0,149.61,157.43,142.250.181.195,443
4172,www.google.com.uy,HTTP/3,275.88,287.55,334.25,335.66,0.0,379.2,386.44,142.250.181.195,443
4176,www.womenshealthmag.com,HTTP/3,53.49,64.06,114.21,115.64,0.0,132.61,190.66,146.75.120.155,443
4179,www.propublica.org,HTTP/3,58.02,62.49,99.48,101.31,0.0,159.07,181.18,104.16.251.51,443
4180,www.flipsnack.com,HTTP/3,16.11,21.77,59.04,60.3,0.0,223.88,260.97,3.168.217.14,443
4187,www.amazon.ae,HTTP/3,214.43,227.65,277.54,279.74,0.0,397.49,398.02,162.219.225.252,443
4189,www.qqq-ttss.su,HTTP/3,40.13,57.59,94.98,96.65,0.0,280.62,345.19,104.21.16.183,443
4191,www.google.com.do,HTTP/3,182.9,196.4,249.5,250.94,0.0,297.81,304.69,142.250.181.195,443
4201,www.ruijienetworks.com,HTTP/3,84.98,105.14,160.66,162.14,0.0,335.78,335.88,43.175.151.231,443
4204,www.rediff.com,HTTP/3,81.49,94.49,137.09,138.16,0.0,198.15,214.25,95.100.248.197,443
4209,www.payfit.com,HTTP/3,43.66,47.16,87.76,89.84,0.0,99.76,99.83,3.168.217.98,443
4212,www.collider.com,HTTP/3,56.77,64.4,172.81,174.58,0.0,279.81,279.92,3.223.39.19,443
4216,www.google.ba,HTTP/3,55.46,64.28,111.49,112.93,0.0,159.67,165.85,142.250.181.195,443
4217,www.google.dz,HTTP/3,61.49,64.31,111.69,113.1,0.0,158.02,164.44,172.217.16.67,443
4219,www.buffer.com,HTTP/3,41.73,46.24,83.61,85.33,0.0,96.66,96.74,104.18.98.118,443
4224,www.theregister.co.uk,HTTP/3,42.37,55.9,103.58,106.17,0.0,116.48,116.53,104.18.4.143,443
4229,www.tappx.com,HTTP/3,40.41,56.41,108.89,110.41,0.0,125.76,190.38,199.16.173.57,443
4231,www.routledge.com,HTTP/3,10.01,14.79,53.96,55.89,0.0,861.92,873.96,104.17.185.26,443
4239,www.vlgaimup.pro,HTTP/3,480.91,499.03,538.27,539.93,0.0,1071.93,1072.15,172.67.198.210,443
4240,www.searchengineland.com,HTTP/3,36.72,41.72,78.31,80.16,0.0,89.05,89.42,104.26.8.67,443
4241,www.aviasales.com,HTTP/3,43.14,48.75,91.38,92.61,0.0,142.37,182.77,3.168.217.96,443
4244,www.mailerlite.com,HTTP/3,15.61,16.36,52.85,54.71,0.0,523.56,557.73,172.64.150.190,443
4246,www.faceit.com,HTTP/3,15.08,15.87,52.36,54.18,0.0,69.69,70.09,104.19.156.82,443
4247,www.google.com.pr,HTTP/3,75.92,86.76,134.88,136.32,0.0,181.66,188.16,142.250.181.195,443
4249,www.hdhub4u.soccer,HTTP/3,97.61,115.23,153.15,154.79,0.0,185.08,185.28,104.21.20.163,443
4254,www.frameo.net,HTTP/3,44.77,48.96,86.75,88.62,0.0,134.39,134.49,104.26.14.72,443
4255,www.nationalpost.com,HTTP/3,1.38,3.83,48.42,49.93,0.0,56.99,57.05,34.111.67.160,443
4256,www.tomshardware.com,HTTP/3,26.0,31.59,69.21,70.19,0.0,84.94,149.82,146.75.122.114,443
4259,www.unsw.edu.au,HTTP/3,1243.08,1248.63,1287.14,1288.34,0.0,1566.81,1819.8,3.160.39.45,443
4260,www.peatix.com,HTTP/3,67.55,74.13,112.52,113.82,0.0,617.15,617.26,18.64.103.9,443
4264,www.gist.build,HTTP/3,39.25,43.29,83.15,84.99,0.0,98.17,98.27,104.26.11.146,443
4267,www.bluecava.com,HTTP/3,76.52,91.31,128.34,129.75,0.0,159.37,159.49,199.36.158.100,443
4268,www.5movierulz.ag,HTTP/3,394.4,414.34,454.06,455.73,0.0,560.13,560.27,172.67.158.35,443
4270,www.filmyzilla5.com,HTTP/3,71.84,89.47,127.77,129.69,0.0,177.21,177.3,104.21.21.226,443
4276,www.blogspot.de,HTTP/3,41.38,52.1,101.19,103.18,0.0,663.97,664.08,142.250.181.201,443
4279,www.xn--72cc8aul7gxbl0d4etdk.com,HTTP/3,46.55,64.16,101.7,102.95,0.0,192.75,192.83,172.67.210.31,443
4281,www.mp4moviez.rodeo,HTTP/3,62.88,64.51,102.96,104.64,0.0,159.41,159.5,172.67.137.209,443
4287,www.justwatch.com,HTTP/3,35.34,49.72,97.43,99.12,0.0,181.0,433.4,34.110.236.186,443
4289,www.dpbossattamatka.net,HTTP/3,69.42,87.16,125.25,126.93,0.0,172.66,172.77,104.21.112.1,443
4291,www.chewy.com,HTTP/3,93.64,98.53,136.23,137.26,0.0,545.03,545.23,23.58.100.140,443
4293,www.dpbossnet.services,HTTP/3,473.94,477.79,516.05,517.92,0.0,527.32,527.39,104.18.22.9,443
4299,www.dpbosss.services,HTTP/3,399.82,404.42,442.81,444.65,0.0,476.57,476.66,172.66.40.179,443
