id,domain,protocol,responseStart,domInteractive,domComplete,nextHopProtocol,successful,protocol_verified
1,www.google.com,HTTP/2,177.2000000011176,304.2000000011176,597.4000000003725,h2,True,True
5,www.facebook.com,HTTP/2,141.40000000037253,466.7000000011176,638.7000000011176,h2,True,True
9,www.youtube.com,HTTP/2,127.0,1353.0,1809.10000000149,h2,True,True
10,www.googleapis.com,HTTP/2,185.5,200.09999999962747,308.40000000037253,h2,True,True
11,www.cloudflare.com,HTTP/2,420.5,810.9000000003725,846.8000000007451,h2,True,True
13,www.instagram.com,HTTP/2,105.39999999850988,331.09999999962747,493.0999999996274,h2,True,True
15,www.gstatic.com,HTTP/2,88.29999999888241,101.0,204.2999999988824,h2,True,True
19,www.linkedin.com,HTTP/2,347.09999999962747,374.5999999996274,610.7000000011176,h2,True,True
21,www.googlevideo.com,HTTP/2,124.0,138.30000000074506,255.80000000074503,h2,True,True
22,www.googletagmanager.com,HTTP/2,99.0,111.30000000074506,216.7000000011176,h2,True,True
24,www.amazon.com,HTTP/2,388.30000000074506,481.2000000011176,827.2000000011176,h2,True,True
25,www.fbcdn.net,HTTP/2,254.90000000037253,1598.9000000003723,1740.2000000011176,h2,True,True
32,www.googleusercontent.com,HTTP/2,123.40000000037251,136.7999999988824,253.90000000037253,h2,True,True
41,www.bing.com,HTTP/2,92.39999999850988,323.2999999988824,362.0999999996274,h2,True,True
42,www.wordpress.org,HTTP/2,498.9000000003725,1069.300000000745,1234.5,h2,True,True
49,www.pinterest.com,HTTP/2,178.90000000037253,369.5,609.0,h2,True,True
58,www.goo.gl,HTTP/2,167.30000000074506,182.59999999962747,309.0,h2,True,True
60,www.whatsapp.com,HTTP/2,405.0999999996274,817.0999999996275,855.2999999988824,h2,True,True
72,www.bit.ly,HTTP/2,631.6999999992549,1078.2999999988824,1108.2999999988824,h2,True,True
76,www.wordpress.com,HTTP/2,398.0,952.8000000007452,1330.0,h2,True,True
84,www.mozilla.org,HTTP/2,93.19999999925494,411.30000000074506,415.0,h2,True,True
91,www.googleadservices.com,HTTP/2,98.40000000037251,111.5,218.6000000014901,h2,True,True
92,www.blogspot.com,HTTP/2,533.6999999992549,741.0999999996275,861.3999999985099,h2,True,True
101,www.reddit.com,HTTP/2,202.6000000014901,243.90000000037253,244.5,h2,True,True
106,www.snapchat.com,HTTP/2,174.30000000074506,194.7000000011176,758.5,h2,True,True
115,www.sentry.io,HTTP/2,442.0,812.6999999992549,1188.199999999255,h2,True,True
125,www.dropbox.com,HTTP/2,270.90000000037253,1482.2999999988824,2830.7999999988824,h2,True,True
129,www.tumblr.com,HTTP/2,336.40000000037253,445.1000000014901,2868.0,h2,True,True
137,www.t-online.de,HTTP/2,74.5,793.9000000003725,1559.0999999996277,h2,True,True
141,www.ui.com,HTTP/2,39.89999999850989,430.6999999992549,4915.0,h2,True,True
143,www.applovin.com,HTTP/2,307.5,758.0,760.6000000014901,h2,True,True
145,www.epicgames.com,HTTP/2,70.78500000014901,91.38499999977648,175.5449999999255,h2,True,True
151,www.paypal.com,HTTP/2,96.59999999962749,694.6999999992549,1351.800000000745,h2,True,True
162,www.medium.com,HTTP/2,114.3150000013411,135.65000000037253,221.55000000074503,h2,True,True
168,www.forbes.com,HTTP/2,88.29999999888241,597.5999999996275,762.2999999988824,h2,True,True
175,www.w3.org,HTTP/2,53.5,218.90000000037253,553.7000000011176,h2,True,True
177,www.theguardian.com,HTTP/2,72.59999999962747,141.5,735.5,h2,True,True
192,www.android.com,HTTP/2,110.2000000011176,369.0,964.8000000007452,h2,True,True
193,www.taobao.com,HTTP/2,126.2999999988824,923.5999999996276,5871.799999998882,h2,True,True
197,www.ozon.ru,HTTP/2,249.09999999962747,655.0,655.3000000007451,h2,True,True
201,www.taboola.com,HTTP/2,63.0,526.5,2008.4000000003723,h2,True,True
203,www.twitch.tv,HTTP/2,56.59999999962747,774.8000000007451,3251.9000000003725,h2,True,True
206,www.bbc.com,HTTP/2,49.59999999962747,88.29999999888241,1512.199999999255,h2,True,True
213,www.sourceforge.net,HTTP/2,80.59999999962747,100.5,113.0,h2,True,True
218,www.vungle.com,HTTP/2,810.0,1257.5999999996277,3267.5999999996275,h2,True,True
224,www.withgoogle.com,HTTP/2,519.7999999988824,649.0999999996275,999.1999999992548,h2,True,True
228,www.example.com,HTTP/2,43.5,53.80000000074506,54.5,h2,True,True
231,www.imdb.com,HTTP/2,147.5,161.30000000074506,161.80000000074506,h2,True,True
234,www.researchgate.net,HTTP/2,51.39999999850989,69.89999999850988,274.5,h2,True,True
237,www.openai.com,HTTP/2,63.415000000968575,86.0449999999255,169.83500000089407,h2,True,True
240,www.who.int,HTTP/2,68.5,1127.89999999851,1523.699999999255,h2,True,True
243,www.shopify.com,HTTP/2,83.69999999925494,186.09999999962747,452.7999999988824,h2,True,True
247,www.youtube-nocookie.com,HTTP/2,114.89999999850988,131.69999999925494,210.59999999962747,h2,True,True
248,www.discord.com,HTTP/2,124.5,773.6999999992549,1314.4000000003723,h2,True,True
250,www.hubspot.com,HTTP/2,265.7000000011176,953.4000000003724,1236.5,h2,True,True
254,www.tinyurl.com,HTTP/2,252.89999999850988,390.0,2442.89999999851,h2,True,True
263,www.googleblog.com,HTTP/2,245.2000000011176,261.30000000074506,381.0,h2,True,True
265,www.crashlytics.com,HTTP/2,572.2999999988824,1071.0,2443.699999999255,h2,True,True
266,www.tradingview.com,HTTP/2,56.80000000074506,1063.800000000745,2248.300000000745,h2,True,True
271,www.amazon.co.uk,HTTP/2,203.0,323.1000000014901,431.6000000014901,h2,True,True
276,www.mtgglobals.com,HTTP/2,54.30000000074506,77.40000000037253,113.0,h2,True,True
287,www.google.com.br,HTTP/2,149.59999999962747,291.0,675.6999999992549,h2,True,True
292,www.cpanel.net,HTTP/2,1583.9000000003723,2989.0999999996275,3630.5,h2,True,True
295,www.go.com,HTTP/2,358.59999999962747,605.0999999996275,1100.0,h2,True,True
310,www.wiley.com,HTTP/2,213.0,243.2999999988824,346.40000000037253,h2,True,True
318,www.slideshare.net,HTTP/2,693.9000000003725,1040.5999999996277,1439.9000000003723,h2,True,True
319,www.branch.io,HTTP/2,232.2000000011176,2103.10000000149,3103.800000000745,h2,True,True
321,www.forter.com,HTTP/2,262.5,658.9000000003725,2880.699999999255,h2,True,True
327,www.alibaba.com,HTTP/2,188.2000000011176,286.30000000074506,2350.60000000149,h2,True,True
328,www.googletagservices.com,HTTP/2,102.80000000074506,116.90000000037251,237.09999999962747,h2,True,True
329,www.nature.com,HTTP/2,472.2999999988824,768.0,1523.199999999255,h2,True,True
349,www.springer.com,HTTP/2,216.30000000074503,442.4000000003725,874.5999999996275,h2,True,True
371,www.google.de,HTTP/2,131.40000000037253,245.5,536.9000000003725,h2,True,True
375,www.pixabay.com,HTTP/2,505.80000000074506,526.6100000012666,605.7599999997765,h2,True,True
392,www.independent.co.uk,HTTP/2,94.40000000037251,509.9000000003725,2756.7000000011176,h2,True,True
396,www.indeed.com,HTTP/2,43.90000000037253,67.29999999888241,70.59999999962747,h2,True,True
397,www.deepintent.com,HTTP/2,259.7000000011176,844.0999999996275,1790.7000000011176,h2,True,True
400,www.autodesk.com,HTTP/2,49.69999999925494,64.40000000037253,64.90000000037253,h2,True,True
411,www.quora.com,HTTP/2,211.6999999992549,494.0999999996274,856.2999999988824,h2,True,True
414,www.google.co.uk,HTTP/2,160.80000000074506,321.59999999962747,599.3000000007451,h2,True,True
420,www.temu.com,HTTP/2,108.40000000037251,191.7000000011176,193.2000000011176,h2,True,True
423,www.globo.com,HTTP/2,438.0,3310.7999999988824,5854.099999999628,h2,True,True
439,www.amazon.de,HTTP/2,164.80000000074506,283.0,400.4000000003725,h2,True,True
444,www.kwai-pro.com,HTTP/2,1461.0,1721.4000000003723,1763.5,h2,True,True
449,www.giphy.com,HTTP/2,174.30000000074506,821.1999999992549,1712.0,h2,True,True
452,www.teamviewer.com,HTTP/2,136.30000000074506,484.80000000074506,1189.60000000149,h2,True,True
456,www.wired.com,HTTP/2,83.70000000111759,438.4000000003725,1943.300000000745,h2,True,True
457,www.g.page,HTTP/2,923.5,1059.10000000149,1260.4000000003723,h2,True,True
461,www.behance.net,HTTP/2,19.0,105.09999999962749,1658.5,h2,True,True
468,www.mediatek.com,HTTP/2,238.40000000037253,1484.5,1993.0,h2,True,True
473,www.addtoany.com,HTTP/2,50.39999999850989,607.8999999985099,1081.0999999996277,h2,True,True
486,www.ft.com,HTTP/2,279.69999999925494,677.1999999992549,1217.5,h2,True,True
487,www.scribd.com,HTTP/2,68.39999999850988,514.6999999992549,2255.39999999851,h2,True,True
493,www.indiatimes.com,HTTP/2,319.90000000037253,774.0,1887.5999999996277,h2,True,True
494,www.myshopify.com,HTTP/2,196.90000000037253,333.80000000074506,380.0,h2,True,True
495,www.wix.com,HTTP/2,95.30000000074506,574.5,1275.2000000011176,h2,True,True
497,www.cnet.com,HTTP/2,186.30000000074503,308.0,2467.800000000745,h2,True,True
499,www.ietf.org,HTTP/2,70.69999999925494,639.0,694.0999999996275,h2,True,True
500,www.rlcdn.com,HTTP/2,208.5,222.6999999992549,223.0,h2,True,True
502,www.google.com.hk,HTTP/2,185.0,329.5,883.4000000003725,h2,True,True
505,www.berkeley.edu,HTTP/2,290.59999999962747,666.1999999992549,881.8000000007451,h2,True,True
506,www.apnews.com,HTTP/2,101.30000000074506,1702.4000000003723,2167.7000000011176,h2,True,True
509,www.media.net,HTTP/2,198.6999999992549,524.2999999988824,1432.5,h2,True,True
516,www.blogger.com,HTTP/2,279.90000000037253,494.4000000003725,689.3000000007451,h2,True,True
520,www.target.com,HTTP/2,725.4000000003725,1160.7999999988824,2963.0,h2,True,True
522,www.google.ca,HTTP/2,144.40000000037253,283.5,665.7000000011176,h2,True,True
531,www.plesk.com,HTTP/2,449.5,1149.0999999996277,2056.199999999255,h2,True,True
533,www.google.fr,HTTP/2,177.30000000074506,342.90000000037253,742.1999999992549,h2,True,True
535,www.deepl.com,HTTP/2,132.10000000149012,305.80000000074506,392.9000000003725,h2,True,True
542,www.britannica.com,HTTP/2,669.0999999996275,1150.699999999255,2334.7999999988824,h2,True,True
550,www.buzzfeed.com,HTTP/2,79.30000000074506,326.0,820.6000000014901,h2,True,True
559,www.google.co.jp,HTTP/2,201.30000000074503,368.1999999992549,719.5999999996275,h2,True,True
563,www.tripadvisor.com,HTTP/2,190.7000000011176,240.0,484.2000000011176,h2,True,True
568,www.tandfonline.com,HTTP/2,87.25999999977648,112.66499999910592,205.22000000067052,h2,True,True
573,www.merriam-webster.com,HTTP/2,182.59999999962747,419.1999999992549,1859.699999999255,h2,True,True
580,www.amazon.co.jp,HTTP/2,263.59999999962747,699.5,1209.5999999996277,h2,True,True
589,www.shutterstock.com,HTTP/2,69.79999999888241,116.69999999925494,581.0999999996275,h2,True,True
613,www.yelp.com,HTTP/2,631.2000000011176,853.0,1414.2000000011176,h2,True,True
615,www.optimizely.com,HTTP/2,326.5,1346.5,2931.199999999255,h2,True,True
621,www.fandom.com,HTTP/2,62.0,626.6999999992549,807.8999999985099,h2,True,True
623,www.threads.net,HTTP/2,185.90000000037253,713.5999999996275,1397.2999999988824,h2,True,True
624,www.google.co.in,HTTP/2,171.80000000074506,300.7000000011176,610.1000000014901,h2,True,True
628,www.delfi.lt,HTTP/2,1009.2999999988824,3394.699999999255,5560.0,h2,True,True
632,www.tapad.com,HTTP/2,206.90000000037253,746.4000000003725,1603.5,h2,True,True
633,www.google.es,HTTP/2,180.59999999962747,324.5,696.3000000007451,h2,True,True
646,www.fb.com,HTTP/2,307.80000000074506,658.3000000007451,797.3000000007451,h2,True,True
650,www.google.it,HTTP/2,147.69999999925494,268.59999999962747,558.4000000003725,h2,True,True
655,www.pendo.io,HTTP/2,249.40000000037253,1281.4000000003723,4603.4000000003725,h2,True,True
656,www.theverge.com,HTTP/2,89.30000000074506,140.5,1836.699999999255,h2,True,True
662,www.intercom.io,HTTP/2,548.0999999996275,610.9000000003725,1787.800000000745,h2,True,True
663,www.amazon.ca,HTTP/2,465.6999999992549,575.1999999992549,909.6999999992548,h2,True,True
666,www.box.com,HTTP/2,61.90000000037253,405.6999999992549,605.0,h2,True,True
672,www.amazon.fr,HTTP/2,87.09999999962747,185.2999999988824,293.5,h2,True,True
676,www.latimes.com,HTTP/2,303.7000000011176,1041.0,1257.300000000745,h2,True,True
684,www.amazon.in,HTTP/2,180.09999999962747,283.0,377.5999999996274,h2,True,True
700,www.webmd.com,HTTP/2,814.7000000011176,1104.0,1947.800000000745,h2,True,True
710,www.gumgum.com,HTTP/2,2264.800000000745,3429.300000000745,4387.300000000745,h2,True,True
712,www.airbnb.com,HTTP/2,88.19999999925494,750.0999999996275,788.0,h2,True,True
713,www.mediafire.com,HTTP/2,217.6000000014901,645.9000000003725,1327.4000000003723,h2,True,True
716,www.bugsnag.com,HTTP/2,578.2999999988824,899.5999999996275,1426.0,h2,True,True
722,www.wyzecam.com,HTTP/2,464.5,1228.199999999255,2566.5999999996275,h2,True,True
723,www.appspot.com,HTTP/2,464.1999999992549,589.2999999988824,686.5,h2,True,True
745,www.typeform.com,HTTP/2,1938.7000000011176,2453.5,3018.7000000011176,h2,True,True
749,www.discordapp.com,HTTP/2,164.7999999988824,806.0999999996275,1344.699999999255,h2,True,True
751,www.nikkei.com,HTTP/2,947.2000000011176,1612.0,3015.300000000745,h2,True,True
758,www.heylink.me,HTTP/2,96.00999999977648,117.4199999999255,1016.890000000596,h2,True,True
765,www.name.com,HTTP/2,78.19999999925494,204.90000000037253,1062.0,h2,True,True
769,www.perfectdomain.com,HTTP/2,124.48499999940395,142.5,642.5499999988824,h2,True,True
770,www.mgid.com,HTTP/2,57.0,353.1000000014901,1690.9000000003723,h2,True,True
771,www.google.cn,HTTP/2,177.19999999925494,192.0,243.40000000037253,h2,True,True
772,www.amazon.it,HTTP/2,100.40000000037251,200.09999999962747,304.40000000037253,h2,True,True
785,www.onlyfans.com,HTTP/2,74.64499999955297,95.33500000089408,374.42500000074506,h2,True,True
787,www.xbox.com,HTTP/2,116.0,820.1999999992549,1683.5999999996277,h2,True,True
790,www.allaboutcookies.org,HTTP/2,167.69999999925494,216.30000000074503,406.5,h2,True,True
791,www.liftoff.io,HTTP/2,427.6999999992549,815.3999999985099,3314.7999999988824,h2,True,True
793,www.sportradar.com,HTTP/2,184.90000000037253,479.1999999992549,697.7999999988824,h2,True,True
797,www.nest.com,HTTP/2,615.8000000007451,747.9000000003725,929.5,h2,True,True
798,www.recaptcha.net,HTTP/2,139.0,153.0,248.2999999988824,h2,True,True
800,www.substack.com,HTTP/2,504.0999999996274,869.0,2236.5,h2,True,True
802,www.life360.com,HTTP/2,44.80000000074506,151.19999999925494,152.30000000074506,h2,True,True
811,www.linode.com,HTTP/2,1143.0,7342.299999998882,11693.799999998882,http/1.1,True,False
814,www.arxiv.org,HTTP/2,139.09999999962747,255.2999999988824,257.0,h2,True,True
815,www.upwork.com,HTTP/2,123.39000000059605,160.1550000011921,251.54000000096855,h2,True,True
816,www.google.pl,HTTP/2,173.5,308.5,566.9000000003725,h2,True,True
822,www.amazon.es,HTTP/2,313.59999999962747,602.1999999992549,688.0999999996275,h2,True,True
831,www.fbsbx.com,HTTP/2,190.0,210.30000000074503,210.80000000074503,h2,True,True
832,www.unpkg.com,HTTP/2,119.2000000011176,164.0,517.7000000011176,h2,True,True
835,www.spotifycdn.com,HTTP/2,72.20000000111759,85.40000000037253,85.90000000037253,h2,True,True
846,www.google.com.tr,HTTP/2,157.59999999962747,303.40000000037253,775.1999999992549,h2,True,True
848,www.google.com.mx,HTTP/2,152.39999999850988,295.19999999925494,639.1999999992549,h2,True,True
850,www.spamhaus.org,HTTP/2,60.39999999850989,424.6999999992549,946.2999999988824,h2,True,True
856,www.coingecko.com,HTTP/2,235.1000000014901,385.2900000009686,434.035000000149,h2,True,True
868,www.huffpost.com,HTTP/2,64.39999999850988,563.1999999992549,829.5999999996275,h2,True,True
869,www.discogs.com,HTTP/2,64.27500000037253,84.45999999903142,168.49499999918044,h2,True,True
870,www.kick.com,HTTP/2,80.56000000052154,101.51500000059605,187.6699999999255,h2,True,True
874,www.biblegateway.com,HTTP/2,64.89999999850988,507.2999999988824,1563.7999999988824,h2,True,True
875,www.freepik.com,HTTP/2,57.59999999962747,68.79999999888241,69.29999999888241,h2,True,True
891,www.adblockplus.org,HTTP/2,17.300000000745058,267.5,269.30000000074506,h2,True,True
896,www.amazon.com.br,HTTP/2,685.0,783.0,1107.4000000003723,h2,True,True
903,www.chess.com,HTTP/2,317.19999999925494,489.1999999992549,607.1999999992549,h2,True,True
904,www.chaturbate.com,HTTP/2,412.0,1706.9000000003723,2084.5,h2,True,True
916,www.readthedocs.io,HTTP/2,1078.5,1897.0,2100.4000000003725,h2,True,True
919,www.onesignal.com,HTTP/2,163.09999999962747,446.0,1165.4000000003723,h2,True,True
922,www.openstreetmap.org,HTTP/2,581.0999999996275,1118.2000000011176,1124.9000000003723,h2,True,True
923,www.repubblica.it,HTTP/2,64.29999999888241,405.7999999988824,990.7999999988824,h2,True,True
930,www.pexels.com,HTTP/2,72.98000000044703,93.8300000000745,180.63499999977648,h2,True,True
931,www.onet.pl,HTTP/2,71.19999999925494,121.7999999988824,1191.699999999255,h2,True,True
933,www.curseforge.com,HTTP/2,61.375,78.74499999918044,169.68999999947846,h2,True,True
937,www.character.ai,HTTP/2,1134.5999999996277,1210.199999999255,1451.0999999996277,h2,True,True
940,www.python.org,HTTP/2,63.79999999888241,344.2999999988824,381.8999999985099,h2,True,True
945,www.alphonso.tv,HTTP/2,1272.800000000745,1582.5,1953.0,h2,True,True
950,www.ryanair.com,HTTP/2,111.19999999925494,273.2999999988824,1168.699999999255,h2,True,True
951,www.express.co.uk,HTTP/2,226.09999999962747,671.7000000011176,1400.0999999996277,h2,True,True
954,www.eporner.com,HTTP/2,464.7999999988824,843.8999999985099,999.39999999851,h2,True,True
960,www.ancestry.com,HTTP/2,86.30000000074506,501.4000000003725,903.6999999992548,h2,True,True
964,www.figma.com,HTTP/2,238.40000000037253,750.1999999992549,751.5999999996275,h2,True,True
976,www.umich.edu,HTTP/2,444.81499999947846,466.3699999991805,553.8450000006706,h2,True,True
977,www.pixiv.net,HTTP/2,641.2399999983609,662.0999999996275,999.679999999702,h2,True,True
980,www.jetbrains.com,HTTP/2,61.5,474.30000000074506,1598.10000000149,h2,True,True
990,www.economist.com,HTTP/2,661.7000000011176,1274.0,2286.7000000011176,h2,True,True
993,www.wikihow.com,HTTP/2,169.5,439.6999999992549,1577.199999999255,h2,True,True
1008,www.amazon.com.mx,HTTP/2,467.0,584.0,914.5,h2,True,True
1021,www.bol.com,HTTP/2,62.5,448.8999999985099,490.3999999985099,h2,True,True
1028,www.screenrant.com,HTTP/2,762.7999999988824,1086.699999999255,1615.2999999988824,h2,True,True
1031,www.sportskeeda.com,HTTP/2,56.10000000149012,425.1000000014901,526.9000000003725,h2,True,True
1032,www.goal.com,HTTP/2,97.7000000011176,496.0999999996274,1614.0,h2,True,True
1039,www.sportybet.com,HTTP/2,202.59999999962747,286.2999999988824,2149.5,h2,True,True
1045,www.terra.com.br,HTTP/2,884.2000000011176,3403.0,3961.7000000011176,h2,True,True
1049,www.jstor.org,HTTP/2,552.3000000007451,663.4000000003725,1705.5999999996277,h2,True,True
1069,www.hotstar.com,HTTP/2,1028.5,1242.7000000011176,2305.5999999996275,h2,True,True
1074,www.poki.com,HTTP/2,124.09999999962749,525.2999999988824,736.8999999985099,h2,True,True
1081,www.google.ru,HTTP/2,185.59999999962747,325.19999999925494,696.0,h2,True,True
1086,www.jimdo.com,HTTP/2,66.69999999925494,453.2999999988824,459.2999999988824,h2,True,True
1088,www.spankbang.com,HTTP/2,279.59999999962747,302.80000000074506,339.30000000074506,h2,True,True
1093,www.xhamster.desi,HTTP/2,1001.4000000003724,1316.2000000011176,2284.7000000011176,h2,True,True
1109,www.clarin.com,HTTP/2,75.70000000111759,428.4000000003725,2088.0,h2,True,True
1112,www.nintendo.com,HTTP/2,87.29999999888241,489.2999999988824,1112.0999999996277,h2,True,True
1117,www.20minutos.es,HTTP/2,69.29999999888241,296.7999999988824,1202.89999999851,h2,True,True
1124,www.mlb.com,HTTP/2,512.2999999988824,1399.89999999851,6179.699999999255,h2,True,True
1125,www.fb.me,HTTP/2,219.09999999962747,566.7999999988824,709.0999999996275,h2,True,True
1126,www.wise.com,HTTP/2,1001.0999999996276,1058.5999999996277,2747.0,h2,True,True
1131,www.sonobi.com,HTTP/2,837.2000000011176,1560.10000000149,1960.10000000149,h2,True,True
1132,www.archiveofourown.org,HTTP/2,388.9000000003725,882.3000000007451,899.5,h2,True,True
1137,www.aftonbladet.se,HTTP/2,109.40000000037251,169.0,1172.300000000745,h2,True,True
1139,www.flashscore.com,HTTP/2,68.90000000037253,320.7999999988824,676.0999999996275,h2,True,True
1140,www.biomedcentral.com,HTTP/2,107.0,146.2000000011176,944.5999999996276,h2,True,True
1141,www.hltv.org,HTTP/2,89.8600000012666,113.75500000081956,212.76999999955297,h2,True,True
1143,www.newyorker.com,HTTP/2,70.59999999962747,541.9000000003725,2219.0999999996275,h2,True,True
1148,www.youporn.com,HTTP/2,189.5,518.3999999985099,758.2999999988824,h2,True,True
1155,www.rule34.xxx,HTTP/2,185.90000000037253,265.90000000037253,286.30000000074506,h2,True,True
1167,www.notion.so,HTTP/2,377.2000000011176,426.30000000074506,1165.300000000745,h2,True,True
1172,www.faphouse.com,HTTP/2,399.9000000003725,785.4000000003725,2422.10000000149,h2,True,True
1176,www.vg.no,HTTP/2,135.5,569.2999999988824,742.9000000003725,h2,True,True
1185,www.pravda.ru,HTTP/2,101.87000000104308,121.15000000037251,206.66500000096855,h2,True,True
1199,www.cookpad.com,HTTP/2,324.30000000074506,937.8000000007452,1369.4000000003723,h2,True,True
1217,www.janitorai.com,HTTP/2,115.7000000011176,149.40000000037253,155.0,h2,True,True
1222,www.zdnet.com,HTTP/2,232.89999999850988,308.19999999925494,1614.5999999996277,h2,True,True
1226,www.redtube.com,HTTP/2,286.40000000037253,678.9000000003725,944.0,h2,True,True
1227,www.trustarc.com,HTTP/2,635.3000000007451,1084.5,1512.9000000003723,h2,True,True
1228,www.fdown.net,HTTP/2,60.40000000037253,167.60000000149012,169.30000000074506,h2,True,True
1229,www.tgju.org,HTTP/2,124.60000000149012,837.7000000011176,984.5,h2,True,True
1234,www.fanfiction.net,HTTP/2,67.19500000029802,87.46000000089407,174.65000000037253,h2,True,True
1236,www.indiamart.com,HTTP/2,180.2999999988824,700.5999999996275,1298.4000000003723,h2,True,True
1237,www.esxdos.org,HTTP/2,404.1000000014901,564.3000000007451,584.3000000007451,h2,True,True
1245,www.livescore.com,HTTP/2,79.30000000074506,164.40000000037253,573.2000000011176,h2,True,True
1256,www.googleapis.cn,HTTP/2,215.0,226.6999999992549,333.69999999925494,h2,True,True
1257,www.fetlife.com,HTTP/2,178.3300000000745,199.1450000014156,287.1000000014901,h2,True,True
1260,www.4chan.org,HTTP/2,109.75999999977648,129.535000000149,213.99000000022352,h2,True,True
1273,www.business.site,HTTP/2,261.09999999962747,278.09999999962747,396.0,h2,True,True
1274,www.xhamster2.com,HTTP/2,1111.0999999996277,1422.5,2405.2999999988824,h2,True,True
1283,www.constantcontact.com,HTTP/2,150.91500000096858,172.05499999970198,995.0999999996276,h2,True,True
1288,www.amazon.eg,HTTP/2,207.80000000074503,511.9000000003725,527.8000000007451,h2,True,True
1290,www.meesho.com,HTTP/2,168.30000000074506,182.40000000037253,182.90000000037253,h2,True,True
1294,www.donmai.us,HTTP/2,105.31000000052154,124.9050000011921,210.12000000104308,h2,True,True
1296,www.namu.wiki,HTTP/2,627.7999999988824,903.1999999992548,1514.0999999996277,h2,True,True
1300,www.oneindia.com,HTTP/2,72.90000000037253,183.80000000074503,188.09999999962747,h2,True,True
1302,www.futbin.com,HTTP/2,66.70000000111759,678.2000000011176,3395.2000000011176,h2,True,True
1317,www.ilmessaggero.it,HTTP/2,173.0,770.4000000003725,1751.0,h2,True,True
1321,www.stripchat.com,HTTP/2,146.7999999988824,623.7999999988824,998.5,h2,True,True
1327,www.gamer.com.tw,HTTP/2,1542.9000000003723,2251.9000000003725,3308.5,h2,True,True
1337,www.unifi-ai.com,HTTP/2,219.1999999992549,233.89999999850988,234.2999999988824,h2,True,True
1345,www.imhentai.xxx,HTTP/2,335.2999999988824,2558.2999999988824,2737.699999999255,h2,True,True
1352,www.ntppool.org,HTTP/2,186.40000000037253,425.5999999996274,1006.0,h2,True,True
1359,www.e-hentai.org,HTTP/2,151.5,188.6000000014901,1908.10000000149,h2,True,True
1364,www.xhamster43.desi,HTTP/2,1118.300000000745,1276.5999999996277,2457.0,h2,True,True
1365,www.xxxbp.tv,HTTP/2,261.90000000037253,492.5,500.80000000074506,h2,True,True
1366,www.missav.ws,HTTP/2,114.7000000011176,230.90000000037253,232.90000000037253,h2,True,True
1367,www.superporn.com,HTTP/2,728.2000000011176,1093.60000000149,1468.7000000011176,h2,True,True
1370,www.fanpage.it,HTTP/2,81.09999999962747,92.0,92.5,h2,True,True
1384,www.inps.it,HTTP/2,142.39999999850988,490.7999999988824,1251.7999999988824,h2,True,True
1385,www.18comic.vip,HTTP/2,89.23499999940395,107.8300000000745,195.8800000008196,h2,True,True
1393,www.hollywoodbets.net,HTTP/2,100.87000000104308,121.30500000156462,215.64000000059605,h2,True,True
1394,www.hanime1.me,HTTP/2,526.3800000008196,550.6000000014901,1283.890000000596,h2,True,True
1399,www.fatalmodel.com,HTTP/2,430.2000000011176,817.2000000011176,1274.800000000745,h2,True,True
1405,www.expedia.com,HTTP/2,125.2999999988824,284.8999999985099,693.1999999992549,h2,True,True
1406,www.protothema.gr,HTTP/2,211.7999999988824,593.0999999996275,3422.2999999988824,h2,True,True
1408,www.xhamster3.com,HTTP/2,1372.4000000003723,1716.800000000745,2715.7000000011176,h2,True,True
1416,www.bookmyshow.com,HTTP/2,331.40000000037253,450.5,452.30000000074506,h2,True,True
1417,www.jutarnji.hr,HTTP/2,137.40000000037253,860.0,4190.5,h2,True,True
1420,www.typing.com,HTTP/2,199.0,1123.4000000003723,1319.5,h2,True,True
1422,www.blic.rs,HTTP/2,172.40000000037253,1053.5,1541.9000000003723,h2,True,True
1432,www.xhamster1.desi,HTTP/2,1054.800000000745,1362.60000000149,2308.10000000149,h2,True,True
1441,www.tori.fi,HTTP/2,152.19999999925494,511.3999999985099,1954.199999999255,h2,True,True
1442,www.fastcompany.com,HTTP/2,82.40000000037253,145.0,382.2000000011176,h2,True,True
1446,www.manoramaonline.com,HTTP/2,452.0,1638.5,2422.4000000003725,h2,True,True
1447,www.xnxx.health,HTTP/2,94.0,809.5,2011.4000000003723,h2,True,True
1449,www.mat6tube.com,HTTP/2,238.40000000037253,350.09999999962747,690.8000000007451,h2,True,True
1450,www.luxuretv.com,HTTP/2,66.60000000149012,85.90000000037253,94.60000000149012,h2,True,True
1451,www.ssstik.io,HTTP/2,117.09999999962749,217.09999999962747,1094.0,h2,True,True
1452,www.snaptik.app,HTTP/2,189.30000000074503,327.7000000011176,345.90000000037253,h2,True,True
1456,www.happymod.com,HTTP/2,1317.2999999988824,1340.5,1948.7999999988824,h2,True,True
1457,www.3bmeteo.com,HTTP/2,101.90000000037251,283.59999999962747,654.7000000011176,h2,True,True
1459,www.oecd.org,HTTP/2,128.05499999970198,149.72000000067055,466.0999999996274,h2,True,True
1461,www.myreadingmanga.info,HTTP/2,67.24000000022352,89.43500000052154,171.1550000011921,h2,True,True
1466,www.sxyprn.com,HTTP/2,552.0999999996275,1227.7000000011176,1976.0999999996277,h2,True,True
1467,www.almasryalyoum.com,HTTP/2,80.83500000089407,100.8300000000745,185.97000000067052,h2,True,True
1469,www.xbato.com,HTTP/2,486.589999999851,512.4399999994785,1125.2200000006706,h2,True,True
1471,www.fb.watch,HTTP/2,181.0,1050.800000000745,1091.0,h2,True,True
1480,www.mangabuddy.com,HTTP/2,1180.5,1561.60000000149,3511.2000000011176,h2,True,True
1481,www.pussyspace.com,HTTP/2,42.19999999925494,182.0,474.1999999992549,h2,True,True
1483,www.aniwatchtv.to,HTTP/2,758.6999999992549,1329.699999999255,1586.2999999988824,h2,True,True
1484,www.prokerala.com,HTTP/2,366.5999999996274,488.30000000074506,1306.7000000011176,h2,True,True
1485,www.123av.com,HTTP/2,228.5,302.80000000074506,656.5,h2,True,True
1486,www.porn300.com,HTTP/2,1506.9000000003723,1770.10000000149,2162.9000000003725,h2,True,True
1489,www.fantia.jp,HTTP/2,1843.5999999996277,3058.199999999255,4887.599999999628,h2,True,True
1493,www.kompoz2.com,HTTP/2,583.5999999996275,1003.6999999992548,1884.3999999985097,h2,True,True
1495,www.inxxx.com,HTTP/2,211.6999999992549,366.6999999992549,698.8000000007451,h2,True,True
1498,www.ptt.cc,HTTP/2,1430.0999999996277,1687.199999999255,1839.0,h2,True,True
1500,www.jav.guru,HTTP/2,85.39499999955297,105.8549999985844,505.875,h2,True,True
1505,www.marmiton.org,HTTP/2,108.60000000149012,709.3000000007451,2313.800000000745,h2,True,True
1506,www.serviporno.com,HTTP/2,563.0,707.5,1191.0,h2,True,True
1508,www.exhentai.org,HTTP/2,2114.5999999996275,2127.7999999988824,2128.2999999988824,h2,True,True
1509,www.komiku.id,HTTP/2,1495.5,3202.5999999996275,8248.299999998882,h2,True,True
1511,www.redwap.sex,HTTP/2,378.0,671.5,986.9000000003724,h2,True,True
1518,www.nitrotype.com,HTTP/2,140.89999999850988,255.6999999992549,260.7999999988824,h2,True,True
1523,www.sidrachain.com,HTTP/2,92.90000000037251,202.5,207.2000000011176,h2,True,True
1528,www.wnacg.com,HTTP/2,349.7000000011176,1853.0999999996277,3214.5999999996275,h2,True,True
1532,www.caliente.mx,HTTP/2,91.80000000074506,113.09999999962749,367.30000000074506,h2,True,True
1534,www.tktube.com,HTTP/2,127.06499999947846,148.57000000029802,231.070000000298,h2,True,True
1535,www.livescore.in,HTTP/2,23.60000000149012,142.10000000149012,1201.5,h2,True,True
1537,www.pornocarioca.com,HTTP/2,245.40000000037253,509.1999999992549,1567.199999999255,h2,True,True
1543,www.doujindesu.tv,HTTP/2,153.3899999987334,176.07000000029802,271.06499999947846,h2,True,True
1547,www.fastdl.app,HTTP/2,217.80000000074503,303.0,517.4000000003725,h2,True,True
1555,www.tvonenews.com,HTTP/2,658.3000000007451,1694.5999999996277,2551.4000000003725,h2,True,True
1559,www.croxyproxy.com,HTTP/2,841.8999999985099,987.6999999992548,1840.2999999988824,h2,True,True
1562,www.freeip.me,HTTP/2,108.09999999962749,260.90000000037253,478.9000000003725,h2,True,True
1563,www.joyclub.de,HTTP/2,204.5,705.5,794.1999999992549,h2,True,True
1577,www.skipthegames.com,HTTP/2,107.0,124.2000000011176,165.5,h2,True,True
1578,www.pussyboy.net,HTTP/2,607.2000000011176,848.7000000011176,987.5999999996276,h2,True,True
1582,www.wto.to,HTTP/2,182.93500000052157,204.5749999992549,518.4000000003725,h2,True,True
1586,www.goojara.to,HTTP/2,576.7000000011176,747.3000000007451,866.9000000003725,h2,True,True
1587,www.mangatoto.com,HTTP/2,487.56499999947846,509.695000000298,2575.4900000002235,h2,True,True
1588,www.xosodaiphat.com,HTTP/2,1712.89999999851,1879.5999999996277,2932.699999999255,h2,True,True
1591,www.arbada.com,HTTP/2,185.5,574.5999999996275,656.5999999996275,h2,True,True
1594,www.theqoo.net,HTTP/2,1052.5149999987334,1079.019999999553,1271.5149999987334,h2,True,True
1597,www.69yuedu.net,HTTP/2,145.80000000074506,851.0,853.8000000007451,h2,True,True
1605,www.indiansexstories2.net,HTTP/2,102.72000000067057,123.42500000074506,221.9850000012666,h2,True,True
1610,www.playtime.ph,HTTP/2,249.1999999992549,273.69999999925494,287.69999999925494,h2,True,True
1611,www.fanmtl.com,HTTP/2,579.9000000003725,1106.0,1452.4000000003723,h2,True,True
1612,www.bikewale.com,HTTP/2,1057.2999999988824,1424.4000000003723,1544.4000000003723,h2,True,True
1615,www.ladies.de,HTTP/2,127.2000000011176,555.2000000011176,604.3000000007451,h2,True,True
1619,www.52shuku.vip,HTTP/2,383.80000000074506,402.5999999996274,652.4000000003725,h2,True,True
1623,www.xoso.com.vn,HTTP/2,100.57000000029802,120.89499999955297,4593.464999999851,h2,True,True
1626,www.lekmanga.net,HTTP/2,1504.5,2799.4000000003725,2861.7999999988824,h2,True,True
1627,www.spaggiari.eu,HTTP/2,656.1999999992549,1318.5999999996277,1485.5999999996277,h2,True,True
1628,www.arca.live,HTTP/2,134.839999999851,154.57499999925494,1028.6850000005215,h2,True,True
1629,www.apornvideo.com,HTTP/2,615.2999999988824,845.8999999985099,1111.0,h2,True,True
1630,www.gartner.com,HTTP/2,199.11500000022352,223.2550000008196,315.820000000298,h2,True,True
1632,www.librefutbol.su,HTTP/2,1574.39999999851,1996.5999999996277,2512.89999999851,h2,True,True
1633,www.list.am,HTTP/2,131.59999999962747,250.40000000037253,255.80000000074503,h2,True,True
1634,www.zonatmo.com,HTTP/2,723.7000000011176,1410.60000000149,3862.300000000745,h2,True,True
1635,www.olimpbet.kz,HTTP/2,336.19999999925494,784.5999999996275,2309.0,h2,True,True
1636,www.anoboy.app,HTTP/2,509.0200000014156,533.3100000005215,1616.2750000003723,h2,True,True
1637,www.deltaork.com,HTTP/2,396.5,655.7999999988824,2290.699999999255,h2,True,True
1639,www.betika.com,HTTP/2,135.10000000149012,182.7000000011176,3045.300000000745,h2,True,True
1645,www.letras.mus.br,HTTP/2,978.2999999988824,1013.5,2292.0999999996275,h2,True,True
1647,www.singular.net,HTTP/2,503.30000000074506,741.9000000003725,907.3000000007452,h2,True,True
1648,www.rexporn.sex,HTTP/2,756.5999999996275,1454.0,2266.300000000745,h2,True,True
1653,www.promiedos.com.ar,HTTP/2,308.80000000074506,332.09999999962747,1089.0999999996277,h2,True,True
1656,www.nz.ua,HTTP/2,114.72000000067057,136.32000000029802,244.1999999992549,h2,True,True
1660,www.zbporn.tv,HTTP/2,1063.2999999988824,1561.0999999996277,2197.2999999988824,h2,True,True
1662,www.lectormangaa.com,HTTP/2,495.58500000089407,518.410000000149,789.8100000005215,h2,True,True
1667,www.justindianporn.info,HTTP/2,585.4000000003725,927.4000000003724,1421.0,h2,True,True
1669,www.onlyindianx.cc,HTTP/2,583.9000000003725,857.9000000003725,1333.7999999988824,h2,True,True
1670,www.arabx.cam,HTTP/2,86.80000000074506,456.4000000003725,1213.800000000745,h2,True,True
1671,www.tmohentai.com,HTTP/2,662.0,1139.0999999996277,3061.199999999255,h2,True,True
1672,www.arabsex.to,HTTP/2,80.70000000111759,101.18500000052154,186.42500000074503,h2,True,True
1675,www.betpawa.ug,HTTP/2,276.09999999962747,356.7000000011176,509.9000000003725,h2,True,True
1677,www.kamababa.desi,HTTP/2,70.72000000067055,90.3300000000745,173.625,h2,True,True
1678,www.desitales2.com,HTTP/2,101.8300000000745,121.785000000149,212.10500000044703,h2,True,True
1679,www.yallakora.com,HTTP/2,1318.699999999255,1957.0999999996277,2212.199999999255,h2,True,True
1683,www.scan-manga.com,HTTP/2,71.20000000111759,86.70000000111759,88.30000000074506,h2,True,True
1684,www.fsiblog3.club,HTTP/2,80.40000000037253,101.27999999932943,183.33499999903145,h2,True,True
1685,www.jaya9.app,HTTP/2,172.09999999962747,284.09999999962747,285.2000000011176,h2,True,True
1688,www.ojogodobicho.com,HTTP/2,613.0,633.5999999996275,1341.9000000003723,h2,True,True
1690,www.betpawa.co.tz,HTTP/2,137.60000000149012,204.80000000074503,381.2000000011176,h2,True,True
1691,www.sex-arabi.co,HTTP/2,120.7000000011176,380.5999999996274,923.9000000003724,h2,True,True
1697,www.xxxhindi.to,HTTP/2,374.2000000011176,674.4000000003725,1301.0,h2,True,True
1701,www.conectate.com.do,HTTP/2,403.1999999992549,1017.8000000007452,2155.5,h2,True,True
1702,www.krikya.io,HTTP/2,77.5,190.09999999962747,195.0,h2,True,True
1708,www.tuazar.com,HTTP/2,611.0,844.7999999988824,897.5999999996275,h2,True,True
1714,www.tamildhool.net,HTTP/2,80.81999999843538,103.8300000000745,1034.289999999106,h2,True,True
1715,www.escort.club,HTTP/2,753.0999999996275,1520.5,2271.4000000003725,h2,True,True
1716,www.shaalaa.com,HTTP/2,224.89999999850988,373.5,875.2999999988824,h2,True,True
1720,www.ibomma.day,HTTP/2,0.7999999988824129,445.5999999996274,472.0,,True,False
1721,www.mangatoto.org,HTTP/2,493.4699999988079,516.7549999989569,1387.3899999987334,h2,True,True
1723,www.flashscore.fr,HTTP/2,95.2999999988824,340.19999999925494,2219.0,h2,True,True
1725,www.flashscore.com.ve,HTTP/2,256.30000000074506,478.4000000003725,827.8000000007451,h2,True,True
1730,www.turbo.az,HTTP/2,61.1100000012666,79.82500000111759,178.839999999851,h2,True,True
1732,www.xxxbfvideos.to,HTTP/2,79.58999999985099,101.77499999850988,185.7999999988824,h2,True,True
1736,www.wannonce.com,HTTP/2,104.69999999925494,273.5,991.2999999988824,h2,True,True
1737,www.yako.gg,HTTP/2,384.5999999996274,610.5999999996275,638.6999999992549,h2,True,True
1738,www.animanch.com,HTTP/2,1043.10000000149,2421.2000000011176,19204.20000000112,h2,True,True
1739,www.mingky.net,HTTP/2,94.99000000022352,115.98000000044703,199.13500000163916,h2,True,True
1741,www.xn--l3cg7a8a0cwa3f.com,HTTP/2,293.8999999985099,316.19999999925494,463.1999999992549,h2,True,True
1742,www.porno18.site,HTTP/2,703.7999999988824,975.5,1613.0999999996277,h2,True,True
1746,www.com.se,HTTP/2,296.0,473.0999999996274,639.7999999988824,h2,True,True
1749,www.freesexkahani.com,HTTP/2,98.5949999988079,116.94999999925494,204.3300000000745,h2,True,True
1752,www.dpbossss.services,HTTP/2,1256.9000000003723,1427.5999999996277,1431.2999999988824,h2,True,True
1755,www.bhojpurisex.site,HTTP/2,123.60000000149012,140.0,140.80000000074506,h2,True,True
1758,www.sattamatkachart.in,HTTP/2,397.9000000003725,459.5999999996274,460.9000000003725,h2,True,True
1759,www.lotterysambadresult.in,HTTP/2,1431.699999999255,1453.7999999988824,1745.199999999255,h2,True,True
1760,www.in3x.net,HTTP/2,152.7999999988824,634.0999999996275,2095.5999999996275,h2,True,True
1762,www.desitelugusex.com,HTTP/2,618.5999999996275,942.0,1142.5,h2,True,True
1763,www.satta-king-fixed-no.in,HTTP/2,2037.199999999255,2079.5,2425.7999999988824,h2,True,True
1764,www.kolkataff.in,HTTP/2,397.30000000074506,1013.0,1610.4000000003723,h2,True,True
1765,www.onlar.az,HTTP/2,1032.9000000003723,1053.699999999255,1535.800000000745,h2,True,True
1767,www.sattamatkano1.me,HTTP/2,161.40000000037253,182.90000000037253,211.2000000011176,h2,True,True
1773,www.sciencemag.org,HTTP/2,79.69500000029802,100.75,193.22499999962747,h2,True,True
1777,www.skroutz.gr,HTTP/2,74.70000000111759,197.0,201.90000000037253,h2,True,True
1779,www.google.com.au,HTTP/2,166.60000000149012,320.40000000037253,704.9000000003725,h2,True,True
1785,www.xiaohongshu.com,HTTP/2,352.2000000011176,2655.10000000149,3102.7000000011176,h2,True,True
1803,www.acs.org,HTTP/2,78.0,538.2999999988824,1208.4000000003723,h2,True,True
1815,www.bootstrapcdn.com,HTTP/2,321.8999999985099,534.0999999996275,868.5999999996275,h2,True,True
1820,www.gizmodo.com,HTTP/2,513.5999999996275,1016.7999999988824,1219.5,h2,True,True
1824,www.jwplayer.com,HTTP/2,866.5999999996275,1364.0999999996277,2400.5999999996275,h2,True,True
1831,www.vox.com,HTTP/2,88.20000000111759,146.40000000037253,1904.0999999996277,h2,True,True
1836,www.getbootstrap.com,HTTP/2,711.2000000011176,1165.4000000003723,1279.5999999996277,h2,True,True
1841,www.adkernel.com,HTTP/2,1064.699999999255,1391.2999999988824,1560.199999999255,h2,True,True
1842,www.overwolf.com,HTTP/2,58.90000000037253,345.6000000014901,1565.60000000149,h2,True,True
1844,www.acronis.com,HTTP/2,274.90000000037253,640.5,2074.5999999996275,h2,True,True
1850,www.ultimate-guitar.com,HTTP/2,196.7999999988824,457.6999999992549,1297.5999999996277,h2,True,True
1864,www.revenuecat.com,HTTP/2,72.09999999962747,130.7000000011176,479.5,h2,True,True
1869,www.thesun.co.uk,HTTP/2,414.5,774.0999999996275,1753.2999999988824,h2,True,True
1877,www.siemens.com,HTTP/2,207.80000000074503,583.3000000007451,655.8000000007451,h2,True,True
1880,www.google.co.id,HTTP/2,175.40000000037253,354.7999999988824,731.6999999992549,h2,True,True
1882,www.kernel.org,HTTP/2,110.40000000037251,127.90000000037251,158.59999999962747,h2,True,True
1896,www.inc.com,HTTP/2,276.40000000037253,360.09999999962747,558.2999999988824,h2,True,True
1898,www.n-able.com,HTTP/2,172.59999999962747,1340.0,1642.9000000003723,h2,True,True
1908,www.thelancet.com,HTTP/2,84.4199999999255,104.52500000037251,191.12000000104308,h2,True,True
1918,www.medallia.com,HTTP/2,306.90000000037253,1770.7999999988824,3206.0,h2,True,True
1932,www.timeanddate.com,HTTP/2,111.0,411.1999999992549,550.5999999996275,h2,True,True
1937,www.usgs.gov,HTTP/2,82.30000000074506,984.8000000007452,2555.699999999255,http/1.1,True,False
1940,www.mmcdn.com,HTTP/2,64.80000000074506,76.90000000037253,77.90000000037253,h2,True,True
1949,www.redditstatic.com,HTTP/2,69.20000000111759,83.20000000111759,83.59999999962747,h2,True,True
1968,www.clevelandclinic.org,HTTP/2,241.80000000074503,810.2000000011176,2641.9000000003725,h2,True,True
1969,www.google.nl,HTTP/2,199.6000000014901,350.6000000014901,766.2000000011176,h2,True,True
1972,www.px-cloud.net,HTTP/2,212.09999999962747,228.40000000037253,228.7999999988824,h2,True,True
1975,www.datto.com,HTTP/2,225.5,547.2000000011176,1138.7000000011176,h2,True,True
1977,www.intercom.com,HTTP/2,522.7000000011176,680.4000000003725,1690.60000000149,h2,True,True
1980,www.feedburner.com,HTTP/2,163.7999999988824,245.2999999988824,320.7999999988824,h2,True,True
1987,www.science.org,HTTP/2,86.67999999970198,112.875,215.10999999940395,h2,True,True
1988,www.hcaptcha.com,HTTP/2,69.0,316.0,320.1000000014901,h2,True,True
1991,www.entrepreneur.com,HTTP/2,69.60000000149012,648.7000000011176,1624.300000000745,h2,True,True
1994,www.pnas.org,HTTP/2,78.90499999932945,99.49499999918044,207.00999999977648,h2,True,True
2002,www.sfgate.com,HTTP/2,128.80000000074506,145.40000000037253,619.9000000003725,h2,True,True
2003,www.wetransfer.com,HTTP/2,327.59999999962747,345.59999999962747,1060.5,h2,True,True
2007,www.logitech.com,HTTP/2,54.29999999888241,453.6999999992549,493.3999999985099,h2,True,True
2009,www.waze.com,HTTP/2,249.2999999988824,487.5999999996274,1598.199999999255,h2,True,True
2013,www.ukr.net,HTTP/2,147.19999999925494,360.5999999996274,1615.0999999996277,h2,True,True
2015,www.allocine.fr,HTTP/2,154.89999999850988,448.7999999988824,679.7999999988824,h2,True,True
2016,www.tenor.com,HTTP/2,161.2000000011176,200.2000000011176,1880.4000000003723,h2,True,True
2029,www.themoviedb.org,HTTP/2,170.80000000074506,385.9000000003725,624.9000000003725,h2,True,True
2031,www.byjus.com,HTTP/2,1104.4000000003723,2050.7999999988824,2446.4000000003725,h2,True,True
2032,www.miro.com,HTTP/2,210.7000000011176,290.09999999962747,1241.7000000011176,h2,True,True
2043,www.techradar.com,HTTP/2,334.59999999962747,748.6999999992549,1093.300000000745,h2,True,True
2044,www.amazon.com.au,HTTP/2,480.0,979.2999999988824,1287.699999999255,h2,True,True
2047,www.screenconnect.com,HTTP/2,457.5,1463.800000000745,4317.4000000003725,h2,True,True
2050,www.moengage.com,HTTP/2,123.40000000037251,189.0,355.69999999925494,h2,True,True
2054,www.euronews.com,HTTP/2,70.40000000037253,248.2000000011176,1185.5999999996277,h2,True,True
2064,www.tawk.to,HTTP/2,677.2000000011176,1820.5999999996277,2415.0999999996275,h2,True,True
2074,www.ubisoft.com,HTTP/2,496.80000000074506,934.2000000011176,1085.0999999996277,h2,True,True
2075,www.starlink.com,HTTP/2,52.40000000037253,258.80000000074506,1348.699999999255,h2,True,True
2080,www.seedtag.com,HTTP/2,1134.4000000003723,1317.4000000003723,3365.10000000149,h2,True,True
2094,www.pcmag.com,HTTP/2,85.67500000074506,107.785000000149,190.320000000298,h2,True,True
2099,www.aboutcookies.org,HTTP/2,874.0999999996275,1150.0999999996277,2182.0,h2,True,True
2109,www.oculus.com,HTTP/2,462.0999999996274,1928.0,2384.9000000003725,h2,True,True
2116,www.iheart.com,HTTP/2,95.30000000074506,223.0,457.2000000011176,h2,True,True
2124,www.m.me,HTTP/2,326.09999999962747,606.3000000007451,826.8000000007451,h2,True,True
2125,www.faphouse1.com,HTTP/2,646.0,662.5,663.0,h2,True,True
2129,www.carwale.com,HTTP/2,771.8000000007451,1106.9000000003723,1865.7000000011176,h2,True,True
2136,www.delgarm.com,HTTP/2,982.5,1563.699999999255,1916.199999999255,h2,True,True
2138,www.nordvpn.com,HTTP/2,142.5449999999255,163.64499999955297,248.660000000149,h2,True,True
2140,www.klarna.com,HTTP/2,395.7000000011176,484.4000000003725,891.2000000011176,h2,True,True
2154,www.illuminateed.com,HTTP/2,108.89999999850988,946.0,1726.0999999996277,h2,True,True
2166,www.truecaller.com,HTTP/2,90.90000000037251,454.9000000003725,618.0999999996275,h2,True,True
2168,www.zahraa.mr,HTTP/2,2554.0,3363.300000000745,4290.0,h2,True,True
2171,www.cloudfunctions.net,HTTP/2,182.1000000014901,195.7000000011176,327.6000000014901,h2,True,True
2178,www.anybunny.org,HTTP/2,659.3000000007451,1039.800000000745,1959.0,h2,True,True
2184,www.livescience.com,HTTP/2,74.5,493.5999999996274,933.39999999851,h2,True,True
2185,www.webpkgcache.com,HTTP/2,1006.3000000007452,1474.2000000011176,2728.5,h2,True,True
2187,www.openssl.org,HTTP/2,188.40000000037253,204.5,599.8000000007451,h2,True,True
2192,www.sexsati.com,HTTP/2,471.80000000074506,907.0,1199.0,h2,True,True
2204,www.example.org,HTTP/2,105.69999999925494,118.7999999988824,119.59999999962749,h2,True,True
2211,www.geny.com,HTTP/2,267.0,696.2999999988824,2554.2999999988824,h2,True,True
2219,www.alldesiporn.com,HTTP/2,626.5,1078.2999999988824,1328.5999999996277,h2,True,True
2224,www.xbanxia.com,HTTP/2,979.39999999851,1391.0,1445.5,h2,True,True
2225,www.phimxxx.ai,HTTP/2,624.8000000007451,1175.9000000003723,2102.699999999255,h2,True,True
2228,www.dewafilm.xyz,HTTP/2,694.0999999996275,1047.0,1635.800000000745,h2,True,True
2229,www.dzexams.com,HTTP/2,379.2999999988824,816.0,923.1999999992548,h2,True,True
2231,www.xn--3-twfr7ca0a9jsa8a4lc6fd.com,HTTP/2,1317.800000000745,2046.0,2355.9000000003725,h2,True,True
2236,www.sattasport.in,HTTP/2,1364.5999999996277,1955.199999999255,2174.9000000003725,h2,True,True
2239,www.xcumtube.com,HTTP/2,839.3000000007451,856.3000000007451,894.1000000014901,h2,True,True
2240,www.lotterysambad.one,HTTP/2,782.3000000007451,1171.300000000745,2095.199999999255,h2,True,True
2242,www.semrush.com,HTTP/2,213.09999999962747,614.8000000007451,783.1999999992549,h2,True,True
2257,www.cutt.ly,HTTP/2,420.7999999988824,845.6999999992549,1082.0,h2,True,True
2276,www.brightcove.com,HTTP/2,245.90000000037253,769.6999999992549,2046.5999999996277,h2,True,True
2280,www.scmp.com,HTTP/2,689.3999999985099,1063.0,1662.39999999851,h2,True,True
2282,www.kwai.com,HTTP/2,361.5,388.1999999992549,2258.7999999988824,h2,True,True
2283,www.safety.google,HTTP/2,390.4000000003725,405.9000000003725,519.5999999996275,h2,True,True
2285,www.bigcartel.com,HTTP/2,165.90000000037253,216.5,404.5,h2,True,True
2290,www.glassdoor.com,HTTP/2,92.02999999932943,115.70999999903142,224.47499999962747,h2,True,True
2292,www.army.mil,HTTP/2,78.5,288.90000000037253,996.9000000003724,h2,True,True
2307,www.undertone.com,HTTP/2,194.30000000074503,1400.0,2340.0999999996275,h2,True,True
2319,www.mixcloud.com,HTTP/2,102.59999999962749,117.39999999850988,410.0,h2,True,True
2326,www.signal.org,HTTP/2,96.0,260.7000000011176,261.80000000074506,h2,True,True
2328,www.semanticscholar.org,HTTP/2,348.7999999988824,831.3999999985099,2236.2999999988824,h2,True,True
2333,www.crunchyroll.com,HTTP/2,66.98000000044703,87.06499999947846,171.61500000022352,h2,True,True
2336,www.web.app,HTTP/2,769.5999999996275,1139.2000000011176,1930.5,h2,True,True
2340,www.rfc-editor.org,HTTP/2,557.5,762.9000000003725,1101.5,h2,True,True
2346,www.shipt.com,HTTP/2,213.1999999992549,230.09999999962747,230.39999999850988,h2,True,True
2347,www.usercontent.goog,HTTP/2,258.59999999962747,274.59999999962747,391.9000000003725,h2,True,True
2353,www.fwmrm.net,HTTP/2,1972.3999999985097,2281.39999999851,3185.199999999255,h2,True,True
2366,www.bfmtv.com,HTTP/2,79.90000000037253,750.9000000003725,4159.0,h2,True,True
2377,www.nejm.org,HTTP/2,97.0599999986589,115.9550000000745,208.52499999850988,h2,True,True
2379,www.siilo.com,HTTP/2,527.1999999992549,770.2999999988824,811.4000000003725,h2,True,True
2384,www.joinhoney.com,HTTP/2,314.6000000014901,548.4000000003725,1360.0,h2,True,True
2393,www.filmyfly.phd,HTTP/2,759.1999999992549,1282.39999999851,2450.39999999851,h2,True,True
2394,www.fool.com,HTTP/2,87.59999999962747,1209.4000000003723,1742.4000000003723,h2,True,True
2395,www.filmyzilla.net.pl,HTTP/2,1141.60000000149,1336.2000000011176,1704.5,h2,True,True
2396,www.pidey.co,HTTP/2,90.06499999947846,111.49000000022352,222.58499999903145,h2,True,True
2398,www.mp4moviez.capital,HTTP/2,4230.300000000745,4445.9000000003725,4944.5,h2,True,True
2399,www.simontokx.co,HTTP/2,2471.199999999255,3003.0999999996275,4019.599999999628,h2,True,True
2400,www.5movierulz.soy,HTTP/2,1614.0999999996277,2215.4000000003725,2397.0,h2,True,True
2401,www.5movierulz.vu,HTTP/2,2188.300000000745,2748.699999999255,2920.0,h2,True,True
2402,www.5movierulz.spa,HTTP/2,1678.7000000011176,2255.4000000003725,2454.0,h2,True,True
2403,www.mupnungvl.pro,HTTP/2,897.0,912.5999999996276,913.4000000003724,h2,True,True
2405,www.filmyfly.moi,HTTP/2,802.0999999996275,1425.699999999255,2580.2999999988824,h2,True,True
2408,www.translate.goog,HTTP/2,168.5,185.7000000011176,305.40000000037253,h2,True,True
2409,www.1isaidub.com,HTTP/2,1745.0999999996277,2077.199999999255,2201.0,h2,True,True
2410,www.moviesda.city,HTTP/2,1800.0999999996277,2167.800000000745,2225.300000000745,h2,True,True
2411,www.xnhau.top,HTTP/2,970.3149999994783,995.2750000003724,1096.379999998957,h2,True,True
2412,www.filmyzilla.net.bz,HTTP/2,1334.2000000011176,1541.2000000011176,1836.60000000149,h2,True,True
2416,www.mp4moviez.pub,HTTP/2,3908.89999999851,4132.099999999628,4698.099999999628,h2,True,True
2419,www.hdhub4u.phd,HTTP/2,647.3999999985099,1150.199999999255,1476.699999999255,h2,True,True
2424,www.blacktoon347.com,HTTP/2,344.80000000074506,549.6999999992549,562.0999999996275,h2,True,True
2445,www.visualwebsiteoptimizer.com,HTTP/2,138.7000000011176,1044.5,2192.5999999996275,h2,True,True
2453,www.wayfair.com,HTTP/2,171.30000000074506,282.0,1377.9000000003723,h2,True,True
2460,www.share-dns.com,HTTP/2,75.09999999962747,141.30000000074506,145.90000000037253,h2,True,True
2464,www.egnyte.com,HTTP/2,125.89999999850988,548.0,1169.0999999996277,h2,True,True
2465,www.messenger.com,HTTP/2,277.0,563.0,792.9000000003725,h2,True,True
2474,www.lazada.co.id,HTTP/2,1670.0,2859.0,4414.200000001118,h2,True,True
2477,www.dynamicyield.com,HTTP/2,582.4000000003725,2076.4000000003725,2209.9000000003725,h2,True,True
2478,www.home-assistant.io,HTTP/2,83.0,474.9000000003725,707.4000000003725,h2,True,True
2483,www.smithsonianmag.com,HTTP/2,97.50499999895692,118.7199999988079,295.4249999988824,h2,True,True
2486,www.google.be,HTTP/2,188.09999999962747,332.2999999988824,738.2999999988824,h2,True,True
2487,www.wpastra.com,HTTP/2,740.9000000003725,1864.2000000011176,5451.700000001118,h2,True,True
2495,www.disney.com,HTTP/2,91.80000000074506,104.09999999962749,104.59999999962749,h2,True,True
2499,www.google.at,HTTP/2,202.30000000074503,353.40000000037253,784.2000000011176,h2,True,True
2500,www.lazada.com.ph,HTTP/2,1131.4000000003723,2147.0999999996275,3527.0999999996275,h2,True,True
2503,www.gamespot.com,HTTP/2,127.80000000074506,623.5999999996275,1019.5,h2,True,True
2506,www.walkme.com,HTTP/2,1411.199999999255,1615.7999999988824,1650.0999999996277,h2,True,True
2507,www.google.co.th,HTTP/2,151.90000000037253,300.0,605.1999999992549,h2,True,True
2512,www.wpguardian.com,HTTP/2,2095.0999999996275,3013.699999999255,3396.7999999988824,h2,True,True
2516,www.wpguardian.io,HTTP/2,1034.4000000003723,1724.7999999988824,1952.9000000003723,h2,True,True
2517,www.nexon.com,HTTP/2,99.19999999925494,842.0999999996275,936.39999999851,h2,True,True
2518,www.slashdot.org,HTTP/2,484.9000000003725,844.9000000003725,1096.4000000003723,h2,True,True
2519,www.auth0.com,HTTP/2,239.6000000014901,257.7000000011176,1226.300000000745,h2,True,True
2522,www.dondominio.com,HTTP/2,421.6000000014901,506.80000000074506,812.3000000007451,h2,True,True
2531,www.imf.org,HTTP/2,2159.5999999996275,7579.700000001118,9626.0,h2,True,True
2533,www.easybrain.com,HTTP/2,528.1999999992549,784.3999999985099,1600.2999999988824,h2,True,True
2539,www.cookiebot.com,HTTP/2,92.09999999962749,352.40000000037253,650.9000000003725,h2,True,True
2548,www.google.com.tw,HTTP/2,179.30000000074506,403.5,806.5999999996275,h2,True,True
2550,www.pubnative.net,HTTP/2,634.5999999996275,988.1999999992548,1240.0,h2,True,True
2553,www.lazada.sg,HTTP/2,392.5,1432.699999999255,2795.5999999996275,h2,True,True
2556,www.tmz.com,HTTP/2,355.59999999962747,1135.0999999996277,2230.300000000745,h2,True,True
2563,www.hbo.com,HTTP/2,89.89999999850988,111.69999999925494,615.5,h2,True,True
2567,www.sensic.net,HTTP/2,50.70000000111759,62.80000000074506,224.1000000014901,h2,True,True
2573,www.instructables.com,HTTP/2,80.40000000037253,925.9000000003724,1618.9000000003723,h2,True,True
2579,www.tinypass.com,HTTP/2,448.0,825.9000000003725,884.9000000003725,h2,True,True
2584,www.web.dev,HTTP/2,277.7000000011176,292.59999999962747,378.4000000003725,h2,True,True
2596,www.lazada.com,HTTP/2,1988.4000000003723,2709.300000000745,3569.199999999255,h2,True,True
2599,www.thoughtco.com,HTTP/2,260.0,681.5,707.0999999996275,h2,True,True
2609,www.bigcommerce.com,HTTP/2,585.4000000003725,645.2000000011176,928.0,h2,True,True
2614,www.flaticon.com,HTTP/2,141.89999999850988,155.7999999988824,156.2999999988824,h2,True,True
2615,www.capitaloneshopping.com,HTTP/2,1911.5999999996277,3085.199999999255,5199.099999999628,h2,True,True
2620,www.shop.app,HTTP/2,158.44500000029802,180.429999999702,260.910000000149,h2,True,True
2624,www.standard.co.uk,HTTP/2,197.09999999962747,432.30000000074506,1901.4000000003723,h2,True,True
2626,www.google.se,HTTP/2,241.80000000074503,382.80000000074506,902.8000000007452,h2,True,True
2636,www.cyberprotector.online,HTTP/2,539.0999999996275,716.5,718.0999999996275,h2,True,True
2637,www.snssdk.com,HTTP/2,1546.39999999851,2558.0,3714.89999999851,h2,True,True
2638,www.lequipe.fr,HTTP/2,105.59999999962749,408.6999999992549,2356.5,h2,True,True
2651,www.jimdofree.com,HTTP/2,190.2999999988824,205.6999999992549,312.8999999985099,h2,True,True
2655,www.loom.com,HTTP/2,254.6999999992549,289.69999999925494,2955.699999999255,h2,True,True
2666,www.lifehacker.com,HTTP/2,84.20000000111759,125.5,1298.5999999996277,h2,True,True
2668,www.moz.com,HTTP/2,138.2999999988824,917.7999999988824,2959.2999999988824,h2,True,True
2669,www.paramountplus.com,HTTP/2,435.2999999988824,1377.7999999988824,1889.199999999255,h2,True,True
2675,www.vogue.com,HTTP/2,65.0,483.4000000003725,2256.4000000003725,h2,True,True
2680,www.windy.com,HTTP/2,92.09999999962749,137.5,295.30000000074506,h2,True,True
2692,www.hostinger.com,HTTP/2,149.5,468.5,574.5,h2,True,True
2697,www.ahrefs.com,HTTP/2,205.1999999992549,462.2999999988824,2275.7999999988824,h2,True,True
2701,www.redbull.com,HTTP/2,279.40000000037253,416.5999999996274,2149.5999999996275,h2,True,True
2705,www.amazon.com.tr,HTTP/2,226.40000000037253,511.5,584.8000000007451,h2,True,True
2706,www.leroymerlin.com,HTTP/2,112.90000000037251,136.5,291.1000000014901,h2,True,True
2710,www.lazada.co.th,HTTP/2,777.1999999992549,2167.4000000003725,3525.4000000003725,h2,True,True
2711,www.fitbit.com,HTTP/2,764.1999999992549,893.1999999992549,1083.7999999988824,h2,True,True
2712,www.google.com.ar,HTTP/2,150.09999999962747,269.90000000037253,575.9000000003725,h2,True,True
2722,www.google.cz,HTTP/2,200.09999999962747,334.7999999988824,708.5,h2,True,True
2725,www.padlet.com,HTTP/2,509.5999999996274,743.1999999992549,812.6999999992549,h2,True,True
2732,www.perl.org,HTTP/2,448.6999999992549,1002.6999999992548,1266.39999999851,h2,True,True
2734,www.unruly.co,HTTP/2,1770.0999999996277,2759.5999999996275,2906.0999999996275,h2,True,True
2737,www.wowjobs.ca,HTTP/2,114.09999999962749,230.0,231.1999999992549,h2,True,True
2739,www.google.us,HTTP/2,260.40000000037253,387.4000000003725,816.9000000003725,h2,True,True
2740,www.thenai.org,HTTP/2,1094.300000000745,4042.5,4250.099999999628,h2,True,True
2745,www.icanhazip.com,HTTP/2,52.09999999962747,63.69999999925494,64.09999999962747,h2,True,True
2746,www.xham.live,HTTP/2,321.80000000074506,1177.7000000011176,1580.5,h2,True,True
2749,www.google.com.vn,HTTP/2,183.59999999962747,332.7999999988824,712.0999999996275,h2,True,True
2751,www.tmall.com,HTTP/2,673.8999999985099,1513.39999999851,4577.799999998882,h2,True,True
2759,www.fbi.gov,HTTP/2,104.7949999999255,125.9199999999255,292.679999999702,h2,True,True
2762,www.google.pt,HTTP/2,189.30000000074503,340.90000000037253,782.5999999996275,h2,True,True
2763,www.pushwoosh.com,HTTP/2,321.7999999988824,867.7999999988824,2145.0,h2,True,True
2764,www.google.gr,HTTP/2,204.1999999992549,404.0,788.8000000007451,h2,True,True
2771,www.int08h.com,HTTP/2,87.80000000074506,117.5,221.2000000011176,h2,True,True
2772,www.gog.com,HTTP/2,176.80000000074506,800.3000000007451,2611.800000000745,h2,True,True
2787,www.heart.org,HTTP/2,580.0999999996275,1805.699999999255,2525.300000000745,h2,True,True
2788,www.crazyegg.com,HTTP/2,219.40000000037253,540.6999999992549,558.9000000003725,h2,True,True
2801,www.zeit.de,HTTP/2,101.2999999988824,622.1999999992549,1461.89999999851,h2,True,True
2803,www.vanityfair.com,HTTP/2,53.59999999962747,474.5999999996274,2029.0999999996277,h2,True,True
2806,www.osu.edu,HTTP/2,814.0,2019.60000000149,3608.7000000011176,h2,True,True
2811,www.watchguard.com,HTTP/2,107.2000000011176,440.9000000003725,910.5,h2,True,True
2813,www.consumerreports.org,HTTP/2,161.40000000037253,175.5,467.5999999996274,h2,True,True
2814,www.expressen.se,HTTP/2,178.2000000011176,627.9000000003725,923.2000000011176,h2,True,True
2815,www.cancer.org,HTTP/2,187.2000000011176,1143.2000000011176,1716.300000000745,h2,True,True
2826,www.generatepress.com,HTTP/2,68.30000000074506,90.40000000037251,189.90000000037253,h2,True,True
2832,www.google.hu,HTTP/2,202.7999999988824,348.59999999962747,720.1999999992549,h2,True,True
2835,www.google.ro,HTTP/2,204.90000000037253,319.30000000074506,614.0,h2,True,True
2840,www.google.co.kr,HTTP/2,183.80000000074503,391.80000000074506,782.9000000003725,h2,True,True
2843,www.cosmopolitan.com,HTTP/2,99.19999999925494,375.80000000074506,1117.300000000745,h2,True,True
2848,www.grindr.com,HTTP/2,186.40000000037253,725.5999999996275,906.3000000007452,h2,True,True
2852,www.google.ch,HTTP/2,180.40000000037253,343.5,694.6999999992549,h2,True,True
2859,www.2miners.com,HTTP/2,231.59999999962747,589.0999999996275,1173.800000000745,h2,True,True
2860,www.qualcomm.com,HTTP/2,48.20000000111759,874.7000000011176,881.2000000011176,h2,True,True
2862,www.google.com.co,HTTP/2,150.69999999925494,276.40000000037253,580.5999999996275,h2,True,True
2868,www.netgate.com,HTTP/2,229.09999999962747,1092.800000000745,1674.0,h2,True,True
2869,www.smartsheet.com,HTTP/2,83.59999999962747,1301.0,4005.2999999988815,h2,True,True
2872,www.doordash.com,HTTP/2,80.8300000000745,101.69500000029802,198.2000000011176,h2,True,True
2875,www.esquire.com,HTTP/2,83.5,129.90000000037253,982.8000000007452,h2,True,True
2876,www.cell.com,HTTP/2,74.01999999955297,98.74499999918044,184.195000000298,h2,True,True
2884,www.undp.org,HTTP/2,402.5999999996274,790.0999999996275,2004.0999999996277,h2,True,True
2893,www.google.cl,HTTP/2,183.30000000074503,408.30000000074506,769.1999999992549,h2,True,True
2895,www.ninjarmm.com,HTTP/2,477.7999999988824,996.4000000003724,1603.4000000003723,h2,True,True
2899,www.amung.us,HTTP/2,761.2999999988824,1482.5999999996277,2027.4000000003723,h2,True,True
2919,www.meta.com,HTTP/2,238.40000000037253,1542.300000000745,2050.0999999996275,h2,True,True
2928,www.notion.site,HTTP/2,445.7000000011176,502.4000000003725,1248.4000000003723,h2,True,True
2929,www.momentohq.com,HTTP/2,1430.5999999996277,1876.3999999985097,2595.39999999851,h2,True,True
2935,www.urbandictionary.com,HTTP/2,68.30000000074506,362.30000000074506,615.9000000003725,h2,True,True
2945,www.ex.co,HTTP/2,1132.2000000011176,1867.5,2800.7000000011176,h2,True,True
2946,www.goodhousekeeping.com,HTTP/2,113.09999999962749,158.90000000037253,1568.2000000011176,h2,True,True
2949,www.theregister.com,HTTP/2,134.7999999988824,343.40000000037253,1037.4000000003723,h2,True,True
2962,www.elle.com,HTTP/2,80.09999999962747,113.40000000037251,1011.9000000003724,h2,True,True
2965,www.1688.com,HTTP/2,829.9000000003725,2298.0999999996275,6051.599999999628,h2,True,True
2966,www.google.com.pe,HTTP/2,206.7000000011176,372.2000000011176,830.9000000003725,h2,True,True
2973,www.chron.com,HTTP/2,334.09999999962747,351.59999999962747,849.0999999996275,h2,True,True
2976,www.kolesa.kz,HTTP/2,1360.5999999996277,3039.39999999851,4429.0,h2,True,True
2981,www.mountain.com,HTTP/2,1507.7000000011176,1954.5999999996277,3058.0,h2,True,True
2993,www.unimelb.edu.au,HTTP/2,2038.4000000003723,3386.9000000003725,4205.799999998882,h2,True,True
2997,www.blogspot.co.uk,HTTP/2,788.9000000003725,1010.5,1291.7000000011176,h2,True,True
3002,www.crypto.com,HTTP/2,129.09999999962747,695.6999999992549,723.3999999985099,h2,True,True
3003,www.inmotionhosting.com,HTTP/2,312.30000000074506,761.5999999996275,1726.7000000011176,h2,True,True
3005,www.google.com.ua,HTTP/2,177.5,315.19999999925494,695.7999999988824,h2,True,True
3008,www.demandbase.com,HTTP/2,126.80000000074506,511.1000000014901,861.1000000014901,h2,True,True
3012,www.walgreens.com,HTTP/2,211.80000000074503,1070.7000000011176,1187.800000000745,h2,True,True
3017,www.ay.delivery,HTTP/2,580.1000000014901,595.6000000014901,596.0,h2,True,True
3018,www.hexsdk.com,HTTP/2,539.6999999992549,1300.699999999255,1518.0,h2,True,True
3025,www.piano.io,HTTP/2,150.2999999988824,553.2999999988824,588.6999999992549,h2,True,True
3037,www.vrbo.com,HTTP/2,117.2000000011176,1311.0999999996277,1651.4000000003723,h2,True,True
3041,www.ask.com,HTTP/2,87.09999999962747,327.40000000037253,4392.699999999255,h2,True,True
3055,www.skimresources.com,HTTP/2,96.40000000037251,269.40000000037253,361.1000000014901,h2,True,True
3066,www.gumroad.com,HTTP/2,234.09999999962747,461.4000000003725,469.4000000003725,h2,True,True
3082,www.thehindu.com,HTTP/2,161.60000000149012,980.9000000003724,2205.5,h2,True,True
3103,www.bitly.com,HTTP/2,337.8999999985099,765.5,993.2999999988824,h2,True,True
3105,www.nokia.com,HTTP/2,186.6999999992549,202.40000000037253,202.80000000074503,h2,True,True
3120,www.thuvienphapluat.vn,HTTP/2,1416.9000000003723,2290.7000000011176,5902.5,h2,True,True
3122,www.straitstimes.com,HTTP/2,97.0,566.0,3772.800000000745,h2,True,True
3124,www.unrealengine.com,HTTP/2,70.26000000163913,93.3600000012666,203.445000000298,h2,True,True
3128,www.auvik.com,HTTP/2,255.40000000037253,865.5,1564.0999999996277,h2,True,True
3129,www.aylanetworks.com,HTTP/2,123.30000000074506,1083.2000000011176,2222.800000000745,h2,True,True
3131,www.livemint.com,HTTP/2,86.19999999925494,315.80000000074506,1292.300000000745,h2,True,True
3135,www.boredpanda.com,HTTP/2,785.4000000003725,2100.699999999255,3192.5999999996275,h2,True,True
3147,www.cpan.org,HTTP/2,71.80000000074506,151.59999999962747,318.80000000074506,h2,True,True
3168,www.flightradar24.com,HTTP/2,77.69999999925494,273.7999999988824,1966.5999999996277,h2,True,True
3176,www.liveintent.com,HTTP/2,231.59999999962747,602.3000000007451,698.2000000011176,h2,True,True
3178,www.google.com.sg,HTTP/2,160.0,310.69999999925494,676.1999999992549,h2,True,True
3179,www.redbubble.com,HTTP/2,66.17999999970198,85.18999999947846,176.94500000029802,h2,True,True
3203,www.n1info.rs,HTTP/2,197.90000000037253,703.9000000003725,1526.5999999996277,h2,True,True
3212,www.thingiverse.com,HTTP/2,83.3899999987334,104.8449999988079,196.10500000044703,h2,True,True
3216,www.ohchr.org,HTTP/2,90.535000000149,108.38499999977648,252.74000000022352,h2,True,True
3224,www.medscape.com,HTTP/2,516.1000000014901,1233.300000000745,1544.7000000011176,h2,True,True
3226,www.cedexis.com,HTTP/2,65.60000000149012,80.20000000111759,283.5,h2,True,True
3233,www.elong.com,HTTP/2,2035.0999999996277,2695.5999999996275,3814.300000000745,h2,True,True
3244,www.69shuba.com,HTTP/2,59.40000000037253,263.59999999962747,660.3000000007451,h2,True,True
3262,www.brstej.com,HTTP/2,1441.300000000745,2242.0,2653.9000000003725,h2,True,True
3271,www.trustedstack.com,HTTP/2,618.5,910.7999999988824,1713.2999999988824,h2,True,True
3273,www.helpshift.com,HTTP/2,227.09999999962747,926.7999999988824,929.5,h2,True,True
3285,www.jpost.com,HTTP/2,170.30000000074506,586.9000000003725,3723.5,h2,True,True
3289,www.ecwid.com,HTTP/2,237.6999999992549,750.4000000003725,986.5999999996276,h2,True,True
3290,www.ijavhd.com,HTTP/2,117.5,234.0,1173.39999999851,h2,True,True
3291,www.thestreet.com,HTTP/2,124.19999999925494,172.69999999925494,362.5999999996274,h2,True,True
3299,www.komikindo2.com,HTTP/2,647.9000000003725,670.1999999992549,710.0999999996275,h2,True,True
3301,www.google.co.za,HTTP/2,179.09999999962747,315.7000000011176,755.5999999996275,h2,True,True
3306,www.surahquran.com,HTTP/2,523.7000000011176,941.3000000007452,1605.300000000745,h2,True,True
3313,www.anime-world.co,HTTP/2,0.6999999992549419,449.6999999992549,476.0,,True,False
3316,www.google.dk,HTTP/2,168.5,311.5,674.6999999992549,h2,True,True
3322,www.qnap.com,HTTP/2,65.79999999888241,664.8999999985099,816.7999999988824,h2,True,True
3326,www.nerdwallet.com,HTTP/2,447.4000000003725,876.4000000003725,3034.0,h2,True,True
3332,www.vailonxx.co,HTTP/2,2691.699999999255,3672.900000000373,3674.599999999628,h2,True,True
3339,www.moviesda.cool,HTTP/2,1130.5,1482.9000000003723,1484.9000000003723,h2,True,True
3346,www.google.fi,HTTP/2,174.09999999962747,362.80000000074506,716.9000000003725,h2,True,True
3347,www.greenpeace.org,HTTP/2,888.0999999996275,1138.800000000745,1591.5999999996277,h2,True,True
3350,www.google.co.il,HTTP/2,1188.9000000003723,1321.7999999988824,1578.5999999996277,h2,True,True
3352,www.chegg.com,HTTP/2,388.4000000003725,405.5999999996274,450.9000000003725,h2,True,True
3358,www.nbc.com,HTTP/2,207.6999999992549,710.5,1972.199999999255,h2,True,True
3361,www.cricbet99.club,HTTP/2,72.09999999962747,201.80000000074503,850.9000000003725,h2,True,True
3373,www.kolkataff.tv,HTTP/2,1553.2999999988824,1966.9000000003723,1967.2999999988824,h2,True,True
3380,www.xhamsterlive.com,HTTP/2,161.40000000037253,681.7999999988824,1050.5999999996277,h2,True,True
3383,www.google.co.nz,HTTP/2,151.5,263.7999999988824,559.6999999992549,h2,True,True
3387,www.box.net,HTTP/2,321.6000000014901,678.2000000011176,809.2000000011176,h2,True,True
3398,www.nobelprize.org,HTTP/2,79.29999999888241,432.0999999996274,2077.5,h2,True,True
3404,www.timesofisrael.com,HTTP/2,114.14000000059605,134.67999999970198,220.08500000089407,h2,True,True
3406,www.codepen.io,HTTP/2,223.695000000298,245.64499999955297,404.6699999999255,h2,True,True
3407,www.google.ie,HTTP/2,202.90000000037253,332.2000000011176,667.6000000014901,h2,True,True
3420,www.arkoselabs.com,HTTP/2,247.39999999850988,756.7999999988824,2808.5,h2,True,True
3425,www.aviasales.ru,HTTP/2,127.90000000037251,937.7000000011176,4208.800000000745,h2,True,True
3456,www.tripadvisor.co.uk,HTTP/2,250.2999999988824,323.69999999925494,571.4000000003725,h2,True,True
3461,www.google.bg,HTTP/2,181.7000000011176,334.09999999962747,746.5,h2,True,True
3464,www.shodan.io,HTTP/2,58.59999999962747,285.40000000037253,329.09999999962747,h2,True,True
3466,www.myanimelist.net,HTTP/2,633.8000000007451,1770.5,2671.5999999996275,h2,True,True
3469,www.page.link,HTTP/2,208.6000000014901,223.2000000011176,224.40000000037253,h2,True,True
3470,www.adthrive.com,HTTP/2,2017.800000000745,2266.5,3337.2000000011176,h2,True,True
3472,www.abc.es,HTTP/2,97.80000000074506,493.5,2579.300000000745,h2,True,True
3475,www.sueddeutsche.de,HTTP/2,63.79999999888241,983.5,1665.0999999996277,h2,True,True
3484,www.gitbook.io,HTTP/2,230.09999999962747,915.0,1038.5999999996277,h2,True,True
3495,www.repocket.com,HTTP/2,706.7000000011176,1027.300000000745,2794.2000000011176,h2,True,True
3515,www.breitbart.com,HTTP/2,114.7000000011176,497.80000000074506,2245.9000000003725,h2,True,True
3523,www.ubereats.com,HTTP/2,460.1999999992549,505.5,1662.5999999996277,h2,True,True
3524,www.google.sk,HTTP/2,187.0,337.09999999962747,729.5999999996275,h2,True,True
3528,www.sofascore.com,HTTP/2,62.79999999888241,107.09999999962749,2063.199999999255,h2,True,True
3534,www.hetzner.com,HTTP/2,118.19999999925494,584.5999999996275,623.1999999992549,h2,True,True
3543,www.traveloka.com,HTTP/2,124.0,486.0,1234.2999999988824,h2,True,True
3546,www.google.com.eg,HTTP/2,192.0,349.30000000074506,845.5,h2,True,True
3547,www.menshealth.com,HTTP/2,89.80000000074506,135.30000000074506,1034.300000000745,h2,True,True
3555,www.google.hr,HTTP/2,167.60000000149012,322.1000000014901,674.6000000014901,h2,True,True
3558,www.news24.com,HTTP/2,75.43500000052154,95.12000000104308,918.960000000894,h2,True,True
3566,www.tomsguide.com,HTTP/2,108.80000000074506,696.6999999992549,1291.199999999255,h2,True,True
3570,www.unep.org,HTTP/2,245.0,635.0999999996275,1611.300000000745,h2,True,True
3573,www.pxf.io,HTTP/2,90.40000000037251,104.0,104.59999999962749,h2,True,True
3574,www.wireshark.org,HTTP/2,53.69999999925494,558.3000000007451,992.5,h2,True,True
3584,www.space.com,HTTP/2,102.19999999925494,545.5,956.4000000003724,h2,True,True
3588,www.study.com,HTTP/2,106.0,175.2999999988824,369.0999999996274,h2,True,True
3593,www.lazada.com.my,HTTP/2,1506.9000000003723,2889.60000000149,4498.5,h2,True,True
3599,www.news18.com,HTTP/2,955.5,1369.800000000745,1423.0,h2,True,True
3601,www.google.com.ph,HTTP/2,187.0,365.5,895.6999999992549,h2,True,True
3605,www.mysterium.network,HTTP/2,175.09999999962747,501.1999999992549,788.5,h2,True,True
3609,www.colorlib.com,HTTP/2,1384.39999999851,1509.5999999996277,1591.39999999851,h2,True,True
3610,www.yle.fi,HTTP/2,326.2999999988824,394.0999999996274,1267.9000000003723,h2,True,True
3614,www.backblaze.com,HTTP/2,299.09999999962747,812.0999999996275,2159.5999999996275,h2,True,True
3616,www.adweek.com,HTTP/2,417.4000000003725,1100.5999999996277,3353.7999999988824,h2,True,True
3618,www.google.no,HTTP/2,184.09999999962747,326.30000000074506,772.7000000011176,h2,True,True
3619,www.cyberark.com,HTTP/2,301.5,1284.7999999988824,8107.400000000372,h2,True,True
3626,www.rtbhouse.com,HTTP/2,147.09999999962747,179.90000000037253,844.1999999992549,h2,True,True
3627,www.arduino.cc,HTTP/2,327.0,361.0,2140.4000000003725,h2,True,True
3637,www.statefarm.com,HTTP/2,195.5,210.40000000037253,210.90000000037253,h2,True,True
3648,www.sjv.io,HTTP/2,118.39999999850988,135.19999999925494,135.59999999962747,h2,True,True
3653,www.stuff.co.nz,HTTP/2,15.600000001490116,69.0,913.2000000011176,h2,True,True
3654,www.howtogeek.com,HTTP/2,521.6999999992549,811.1999999992549,1303.4000000003723,h2,True,True
3667,www.xlivrdr.com,HTTP/2,87.69999999925494,98.40000000037251,98.80000000074506,h2,True,True
3689,www.dreamstime.com,HTTP/2,137.7000000011176,498.4000000003725,1253.2000000011176,h2,True,True
3701,www.google.com.my,HTTP/2,164.40000000037253,354.0,742.0999999996275,h2,True,True
3710,www.termsfeed.com,HTTP/2,56.35000000149012,84.5800000000745,161.0800000000745,h2,True,True
3719,www.ourworldindata.org,HTTP/2,117.80000000074506,455.0,989.0,h2,True,True
3722,www.anyclip.com,HTTP/2,1247.0,2274.0999999996275,3326.199999999255,h2,True,True
3733,www.t.ly,HTTP/2,2123.4550000000745,2147.4000000003725,2235.125,h2,True,True
3736,www.pcgamer.com,HTTP/2,73.40000000037253,154.30000000074506,1052.0,h2,True,True
3757,www.outlookindia.com,HTTP/2,657.0,1904.4000000003723,1937.9000000003723,h2,True,True
3762,www.zebra.com,HTTP/2,131.5,1269.699999999255,3074.0999999996275,h2,True,True
3771,www.amnesty.org,HTTP/2,157.69999999925494,899.8999999985099,903.1999999992548,h2,True,True
3772,www.politico.eu,HTTP/2,215.0,792.0999999996275,1317.0999999996277,h2,True,True
3779,www.feedly.com,HTTP/2,132.60000000149012,154.60000000149012,426.0,h2,True,True
3782,www.domaintools.com,HTTP/2,278.09999999962747,790.7000000011176,1292.0,h2,True,True
3785,www.rte.ie,HTTP/2,94.69999999925494,797.6999999992549,1730.0,h2,True,True
3787,www.thetimes.com,HTTP/2,362.30000000074506,984.2000000011176,6281.0,h2,True,True
3788,www.virustotal.com,HTTP/2,338.0,356.40000000037253,1970.0999999996277,h2,True,True
3796,www.lazada.vn,HTTP/2,1198.300000000745,2342.4000000003725,3662.10000000149,h2,True,True
3798,www.virginmedia.com,HTTP/2,105.69999999925494,315.0,1039.0999999996277,h2,True,True
3803,www.popularmechanics.com,HTTP/2,85.20000000111759,135.40000000037253,1055.800000000745,h2,True,True
3814,www.1isaidub.net,HTTP/2,1129.0,1497.199999999255,1553.0,h2,True,True
3821,www.takeaway.com,HTTP/2,94.43500000052154,116.55000000074506,202.75,h2,True,True
3823,www.paypalobjects.com,HTTP/2,89.79999999888241,101.19999999925494,852.0,h2,True,True
3824,www.wixapps.net,HTTP/2,314.59999999962747,331.0,542.1999999992549,h2,True,True
3832,www.romarg.com,HTTP/2,240.7999999988824,657.2999999988824,722.5999999996275,h2,True,True
3835,www.matillion.com,HTTP/2,239.7999999988824,1502.5,4356.199999999255,h2,True,True
3837,www.findlaw.com,HTTP/2,71.66499999910593,92.67999999970198,182.285000000149,h2,True,True
3844,www.google.ae,HTTP/2,156.90000000037253,324.7999999988824,682.0,h2,True,True
3855,www.arlo.com,HTTP/2,86.8300000000745,104.375,191.39999999850988,h2,True,True
3859,www.flightaware.com,HTTP/2,494.30000000074506,808.7000000011176,1443.4000000003723,h2,True,True
3872,www.protechts.net,HTTP/2,206.80000000074503,222.80000000074503,223.09999999962747,h2,True,True
3875,www.yolasite.com,HTTP/2,97.47000000067057,117.71000000089408,199.2050000000745,h2,True,True
3883,www.wordreference.com,HTTP/2,109.69999999925494,233.09999999962747,439.7999999988824,h2,True,True
3890,www.archlinux.org,HTTP/2,209.1999999992549,229.0,338.5,h2,True,True
3892,www.spreaker.com,HTTP/2,567.0999999996275,741.6999999992549,1366.699999999255,h2,True,True
3894,www.google.com.pk,HTTP/2,160.5,298.40000000037253,634.2000000011176,h2,True,True
3896,www.binance.info,HTTP/2,614.9000000003725,1864.0,2035.0,h2,True,True
3903,www.wurl.com,HTTP/2,297.09999999962747,704.1999999992549,1679.800000000745,h2,True,True
3908,www.themegrill.com,HTTP/2,1752.699999999255,3182.9000000003725,3226.5999999996275,h2,True,True
3909,www.google.rs,HTTP/2,235.1999999992549,370.0999999996274,724.6999999992549,h2,True,True
3917,www.mercedes-benz.com,HTTP/2,78.30000000074506,94.0,94.5,h2,True,True
3932,www.nocookie.net,HTTP/2,578.3000000007451,1724.0999999996277,2145.2000000011176,h2,True,True
3947,www.findagrave.com,HTTP/2,82.59999999962747,107.0,118.7999999988824,h2,True,True
3954,www.abtasty.com,HTTP/2,153.80000000074506,575.9000000003725,1683.0,h2,True,True
3956,www.gamesradar.com,HTTP/2,108.0,200.1999999992549,1012.0,h2,True,True
3975,www.brevo.com,HTTP/2,424.7000000011176,883.5999999996275,977.8000000007452,h2,True,True
3984,www.ripe.net,HTTP/2,177.90000000037253,494.80000000074506,520.1000000014901,h2,True,True
3988,www.fortnite.com,HTTP/2,87.4199999999255,110.67999999970198,207.81000000052157,h2,True,True
3993,www.parade.com,HTTP/2,82.10000000149012,167.7000000011176,422.1000000014901,h2,True,True
3997,www.365scores.com,HTTP/2,474.7000000011176,496.0999999996274,1102.800000000745,h2,True,True
4002,www.ap.org,HTTP/2,125.40000000037251,695.9000000003725,722.5999999996275,h2,True,True
4006,www.zoominfo.com,HTTP/2,154.5,169.0,1504.5,h2,True,True
4013,www.myfitnesspal.com,HTTP/2,234.90000000037253,645.3000000007451,940.7000000011176,h2,True,True
4014,www.atlasobscura.com,HTTP/2,43.09999999962747,1583.7999999988824,4258.299999998882,h2,True,True
4016,www.google.by,HTTP/2,181.59999999962747,308.8999999985099,624.5,h2,True,True
4017,www.financialexpress.com,HTTP/2,333.59999999962747,1295.5999999996277,1368.300000000745,h2,True,True
4018,www.penguinrandomhouse.com,HTTP/2,226.39999999850988,729.1999999992549,2903.699999999255,h2,True,True
4022,www.google.kz,HTTP/2,196.5,418.80000000074506,757.5999999996275,h2,True,True
4028,www.google.com.sa,HTTP/2,167.59999999962747,314.69999999925494,605.3999999985099,h2,True,True
4029,www.sciencealert.com,HTTP/2,638.5,668.4000000003725,1265.9000000003723,h2,True,True
4041,www.google.lv,HTTP/2,147.40000000037253,292.0,669.0,h2,True,True
4047,www.gq.com,HTTP/2,74.29999999888241,478.6999999992549,1955.9000000003723,h2,True,True
4048,www.laroza.now,HTTP/2,257.0,472.4000000003725,558.5,h2,True,True
4050,www.prtimes.jp,HTTP/2,159.89999999850988,199.89999999850988,1751.699999999255,h2,True,True
4055,www.macrumors.com,HTTP/2,67.0,327.30000000074506,1404.0,h2,True,True
4059,www.bbcgoodfood.com,HTTP/2,105.19999999925494,497.1999999992549,2034.0999999996277,h2,True,True
4066,www.thinkwithgoogle.com,HTTP/2,461.0,814.5999999996275,1374.0999999996277,h2,True,True
4072,www.wondershare.com,HTTP/2,92.7999999988824,880.3999999985099,2098.5,h2,True,True
4081,www.google.co.cr,HTTP/2,186.1999999992549,324.69999999925494,614.0,h2,True,True
4083,www.google.co.ve,HTTP/2,172.2999999988824,321.3999999985099,659.7999999988824,h2,True,True
4087,www.google.lt,HTTP/2,257.7999999988824,455.5,815.0,h2,True,True
4088,www.google.si,HTTP/2,193.6000000014901,343.30000000074506,716.0,h2,True,True
4106,www.alarabiya.net,HTTP/2,129.40000000037253,152.09999999962747,234.09999999962747,h2,True,True
4111,www.bustle.com,HTTP/2,57.5,89.90000000037253,1160.9000000003723,h2,True,True
4113,www.ziprecruiter.com,HTTP/2,863.8150000013411,892.75,985.7600000016392,h2,True,True
4114,www.knowbe4.com,HTTP/2,82.10000000149012,1127.4000000003723,1689.10000000149,h2,True,True
4117,www.googleoptimize.com,HTTP/2,183.0,195.2000000011176,298.2000000011176,h2,True,True
4118,www.bollyflix.phd,HTTP/2,133.7999999988824,259.19999999925494,266.19999999925494,h2,True,True
4119,www.google.com.ec,HTTP/2,159.19999999925494,347.3999999985099,692.5,h2,True,True
4131,www.chrome.com,HTTP/2,206.0,607.4000000003725,657.9000000003725,h2,True,True
4132,www.google.com.gt,HTTP/2,219.59999999962747,355.30000000074506,723.1999999992549,h2,True,True
4137,www.colostate.edu,HTTP/2,334.0,1345.39999999851,2859.89999999851,h2,True,True
4147,www.foreignpolicy.com,HTTP/2,134.19999999925494,704.0999999996275,5672.5,h2,True,True
4148,www.vidio.com,HTTP/2,992.10000000149,1285.800000000745,1664.4000000003723,h2,True,True
4150,www.polygon.com,HTTP/2,248.80000000074503,302.40000000037253,1281.4000000003723,h2,True,True
4154,www.huffingtonpost.co.uk,HTTP/2,91.0,542.7999999988824,1779.0999999996277,h2,True,True
4167,www.google.com.bd,HTTP/2,167.0,397.6999999992549,780.0999999996275,h2,True,True
4170,www.google.ee,HTTP/2,174.40000000037253,326.69999999925494,712.6999999992549,h2,True,True
4172,www.google.com.uy,HTTP/2,189.59999999962747,309.5,596.7999999988824,h2,True,True
4176,www.womenshealthmag.com,HTTP/2,272.19999999925494,318.40000000037253,1172.0,h2,True,True
4179,www.propublica.org,HTTP/2,156.19999999925494,825.0,1827.699999999255,h2,True,True
4180,www.flipsnack.com,HTTP/2,83.60000000149012,369.2000000011176,419.80000000074506,h2,True,True
4187,www.amazon.ae,HTTP/2,168.2000000011176,283.7000000011176,359.5,h2,True,True
4189,www.qqq-ttss.su,HTTP/2,643.7999999988824,1663.5,2656.7999999988824,h2,True,True
4191,www.google.com.do,HTTP/2,202.2999999988824,362.0,797.8999999985099,h2,True,True
4201,www.ruijienetworks.com,HTTP/2,1330.9000000003723,8422.800000000745,11528.099999999627,h2,True,True
4204,www.rediff.com,HTTP/2,203.80000000074503,426.7000000011176,1471.0,h2,True,True
4212,www.collider.com,HTTP/2,667.4000000003725,998.0,1499.4000000003723,h2,True,True
4216,www.google.ba,HTTP/2,170.30000000074506,296.40000000037253,591.9000000003725,h2,True,True
4217,www.google.dz,HTTP/2,225.90000000037253,385.30000000074506,823.5,h2,True,True
4219,www.buffer.com,HTTP/2,145.39999999850988,390.8999999985099,467.0,h2,True,True
4224,www.theregister.co.uk,HTTP/2,190.1999999992549,395.8999999985099,1083.699999999255,h2,True,True
4229,www.tappx.com,HTTP/2,105.19999999925494,408.1999999992549,573.2999999988824,h2,True,True
4231,www.routledge.com,HTTP/2,814.4000000003725,1035.9000000003723,2658.800000000745,h2,True,True
4239,www.vlgaimup.pro,HTTP/2,1402.5699999984354,1424.5,1710.6049999985844,h2,True,True
4240,www.searchengineland.com,HTTP/2,83.80000000074506,105.35500000044703,947.945000000298,h2,True,True
4241,www.aviasales.com,HTTP/2,242.40000000037253,623.5,3242.9000000003725,h2,True,True
4244,www.mailerlite.com,HTTP/2,470.4000000003725,670.0999999996275,1355.699999999255,h2,True,True
4246,www.faceit.com,HTTP/2,67.26500000059605,86.62000000104308,183.320000000298,h2,True,True
4247,www.google.com.pr,HTTP/2,168.0,295.69999999925494,575.3999999985099,h2,True,True
4249,www.hdhub4u.soccer,HTTP/2,903.1999999992548,1412.5,1760.199999999255,h2,True,True
4256,www.tomshardware.com,HTTP/2,82.79999999888241,500.5999999996274,1275.2999999988824,h2,True,True
4259,www.unsw.edu.au,HTTP/2,407.30000000074506,890.1000000014901,1800.0,h2,True,True
4260,www.peatix.com,HTTP/2,678.2999999988824,694.5,695.0,h2,True,True
4268,www.5movierulz.ag,HTTP/2,1057.9000000003723,1617.5,1788.10000000149,h2,True,True
4270,www.filmyzilla5.com,HTTP/2,970.3000000007452,1339.10000000149,1641.0,h2,True,True
4276,www.blogspot.de,HTTP/2,902.4000000003724,1123.5999999996277,1351.300000000745,h2,True,True
4279,www.xn--72cc8aul7gxbl0d4etdk.com,HTTP/2,560.2000000011176,583.3000000007451,799.3000000007451,h2,True,True
4281,www.mp4moviez.rodeo,HTTP/2,2492.2999999988824,2726.7999999988824,3413.699999999255,h2,True,True
4287,www.justwatch.com,HTTP/2,91.69999999925494,370.9000000003725,600.5999999996275,h2,True,True
4289,www.dpbossattamatka.net,HTTP/2,1471.699999999255,1831.0999999996277,1836.5,h2,True,True
4293,www.dpbossnet.services,HTTP/2,1014.39999999851,1161.2999999988824,1166.0999999996277,h2,True,True
4299,www.dpbosss.services,HTTP/2,829.5,1168.4000000003723,1174.0999999996277,h2,True,True
