id,domain,protocol,responseStart,domInteractive,domComplete,nextHopProtocol,successful
1,www.google.com,HTTP/2,177.2000000011176,304.2000000011176,597.4000000003725,h2,True
5,www.facebook.com,HTTP/2,141.40000000037253,466.7000000011176,638.7000000011176,h2,True
9,www.youtube.com,HTTP/2,127,1353,1809.1000000014901,h2,True
10,www.googleapis.com,HTTP/2,185.5,200.09999999962747,308.40000000037253,h2,True
11,www.cloudflare.com,HTTP/2,420.5,810.9000000003725,846.8000000007451,h2,True
13,www.instagram.com,HTTP/2,105.39999999850988,331.09999999962747,493.09999999962747,h2,True
15,www.gstatic.com,HTTP/2,88.29999999888241,101,204.2999999988824,h2,True
19,www.linkedin.com,HTTP/2,347.09999999962747,374.59999999962747,610.7000000011176,h2,True
21,www.googlevideo.com,HTTP/2,124,138.30000000074506,255.80000000074506,h2,True
22,www.googletagmanager.com,HTTP/2,99,111.30000000074506,216.7000000011176,h2,True
24,www.amazon.com,HTTP/2,388.30000000074506,481.2000000011176,827.2000000011176,h2,True
25,www.fbcdn.net,HTTP/2,254.90000000037253,1598.9000000003725,1740.2000000011176,h2,True
31,www.doubleclick.net,HTTP/2,204.2999999988824,672.3999999985099,674.0999999996275,h2,True
32,www.googleusercontent.com,HTTP/2,123.40000000037253,136.7999999988824,253.90000000037253,h2,True
41,www.bing.com,HTTP/2,92.39999999850988,323.2999999988824,362.09999999962747,h2,True
42,www.wordpress.org,HTTP/2,498.90000000037253,1069.300000000745,1234.5,h2,True
49,www.pinterest.com,HTTP/2,178.90000000037253,369.5,609,h2,True
58,www.goo.gl,HTTP/2,167.30000000074506,182.59999999962747,309,h2,True
60,www.whatsapp.com,HTTP/2,405.09999999962747,817.0999999996275,855.2999999988824,h2,True
64,www.spotify.com,HTTP/2,167.40000000037253,955.2000000011176,1626.300000000745,h2,True
71,www.google-analytics.com,HTTP/2,254.90000000037253,717.5,719,h2,True
72,www.bit.ly,HTTP/2,631.6999999992549,1078.2999999988824,1108.2999999988824,h2,True
76,www.wordpress.com,HTTP/2,398,952.8000000007451,1330,h2,True
84,www.mozilla.org,HTTP/2,93.19999999925494,411.30000000074506,415,h2,True
91,www.googleadservices.com,HTTP/2,98.40000000037253,111.5,218.60000000149012,h2,True
92,www.blogspot.com,HTTP/2,533.6999999992549,741.0999999996275,861.3999999985099,h2,True
96,www.googledomains.com,HTTP/2,188.5,208.5,297.2000000011176,h2,True
101,www.reddit.com,HTTP/2,202.60000000149012,243.90000000037253,244.5,h2,True
106,www.snapchat.com,HTTP/2,174.30000000074506,194.7000000011176,758.5,h2,True
115,www.sentry.io,HTTP/2,442,812.6999999992549,1188.199999999255,h2,True
121,www.gravatar.com,HTTP/2,850.4000000003725,1344.0999999996275,1677.5,h2,True
125,www.dropbox.com,HTTP/2,270.90000000037253,1482.2999999988824,2830.7999999988824,h2,True
129,www.tumblr.com,HTTP/2,336.40000000037253,445.1000000014901,2868,h2,True
137,www.t-online.de,HTTP/2,74.5,793.9000000003725,1559.0999999996275,h2,True
141,www.ui.com,HTTP/2,39.899999998509884,430.69999999925494,4915,h2,True
143,www.applovin.com,HTTP/2,307.5,758,760.6000000014901,h2,True
145,www.epicgames.com,HTTP/2,70.78500000014901,91.38499999977648,175.5449999999255,h2,True
151,www.paypal.com,HTTP/2,96.59999999962747,694.6999999992549,1351.800000000745,h2,True
153,www.pki.goog,HTTP/2,276.1000000014901,529,828.7000000011176,h2,True
162,www.medium.com,HTTP/2,114.3150000013411,135.65000000037253,221.55000000074506,h2,True
167,www.cnn.com,HTTP/2,130,144.7999999988824,145.19999999925494,h2,True
168,www.forbes.com,HTTP/2,88.29999999888241,597.5999999996275,762.2999999988824,h2,True
175,www.w3.org,HTTP/2,53.5,218.90000000037253,553.7000000011176,h2,True
177,www.theguardian.com,HTTP/2,72.59999999962747,141.5,735.5,h2,True
192,www.android.com,HTTP/2,110.20000000111759,369,964.8000000007451,h2,True
193,www.taobao.com,HTTP/2,126.29999999888241,923.5999999996275,5871.799999998882,h2,True
197,www.ozon.ru,HTTP/2,249.09999999962747,655,655.3000000007451,h2,True
201,www.taboola.com,HTTP/2,63,526.5,2008.4000000003725,h2,True
203,www.twitch.tv,HTTP/2,56.59999999962747,774.8000000007451,3251.9000000003725,h2,True
205,www.bbc.co.uk,HTTP/2,58.899999998509884,98,1455.199999999255,h2,True
206,www.bbc.com,HTTP/2,49.59999999962747,88.29999999888241,1512.199999999255,h2,True
213,www.sourceforge.net,HTTP/2,80.59999999962747,100.5,113,h2,True
218,www.vungle.com,HTTP/2,810,1257.5999999996275,3267.5999999996275,h2,True
224,www.withgoogle.com,HTTP/2,519.7999999988824,649.0999999996275,999.1999999992549,h2,True
228,www.example.com,HTTP/2,43.5,53.80000000074506,54.5,h2,True
229,www.pubmatic.com,HTTP/2,466.5,799.5999999996275,1520.800000000745,h2,True
231,www.imdb.com,HTTP/2,147.5,161.30000000074506,161.80000000074506,h2,True
234,www.researchgate.net,HTTP/2,51.399999998509884,69.89999999850988,274.5,h2,True
237,www.openai.com,HTTP/2,63.415000000968575,86.0449999999255,169.83500000089407,h2,True
240,www.who.int,HTTP/2,68.5,1127.8999999985099,1523.699999999255,h2,True
243,www.shopify.com,HTTP/2,83.69999999925494,186.09999999962747,452.7999999988824,h2,True
247,www.youtube-nocookie.com,HTTP/2,114.89999999850988,131.69999999925494,210.59999999962747,h2,True
248,www.discord.com,HTTP/2,124.5,773.6999999992549,1314.4000000003725,h2,True
250,www.hubspot.com,HTTP/2,265.7000000011176,953.4000000003725,1236.5,h2,True
252,www.wixsite.com,HTTP/2,255.90000000037253,716.6000000014901,1434.7000000011176,h2,True
254,www.tinyurl.com,HTTP/2,252.89999999850988,390,2442.89999999851,h2,True
263,www.googleblog.com,HTTP/2,245.2000000011176,261.30000000074506,381,h2,True
265,www.crashlytics.com,HTTP/2,572.2999999988824,1071,2443.699999999255,h2,True
266,www.tradingview.com,HTTP/2,56.80000000074506,1063.800000000745,2248.300000000745,h2,True
267,www.issuu.com,HTTP/2,71,82.5,83.09999999962747,h2,True
271,www.amazon.co.uk,HTTP/2,203,323.1000000014901,431.6000000014901,h2,True
275,www.ampproject.org,HTTP/2,208.80000000074506,241.10000000149012,499.30000000074506,h2,True
276,www.mtgglobals.com,HTTP/2,54.30000000074506,77.40000000037253,113,h2,True
287,www.google.com.br,HTTP/2,149.59999999962747,291,675.6999999992549,h2,True
292,www.cpanel.net,HTTP/2,1583.9000000003725,2989.0999999996275,3630.5,h2,True
295,www.go.com,HTTP/2,358.59999999962747,605.0999999996275,1100,h2,True
310,www.wiley.com,HTTP/2,213,243.2999999988824,346.40000000037253,h2,True
317,www.ea.com,HTTP/2,0.7000000011175871,92.5,96.80000000074506,,True
318,www.slideshare.net,HTTP/2,693.9000000003725,1040.5999999996275,1439.9000000003725,h2,True
319,www.branch.io,HTTP/2,232.2000000011176,2103.10000000149,3103.800000000745,h2,True
321,www.forter.com,HTTP/2,262.5,658.9000000003725,2880.699999999255,h2,True
327,www.alibaba.com,HTTP/2,188.2000000011176,286.30000000074506,2350.60000000149,h2,True
328,www.googletagservices.com,HTTP/2,102.80000000074506,116.90000000037253,237.09999999962747,h2,True
329,www.nature.com,HTTP/2,472.2999999988824,768,1523.199999999255,h2,True
332,www.pages.dev,HTTP/2,0.599999999627471,110.89999999850988,137.5,,True
349,www.springer.com,HTTP/2,216.30000000074506,442.40000000037253,874.5999999996275,h2,True
371,www.google.de,HTTP/2,131.40000000037253,245.5,536.9000000003725,h2,True
375,www.pixabay.com,HTTP/2,505.80000000074506,526.6100000012666,605.7599999997765,h2,True
392,www.independent.co.uk,HTTP/2,94.40000000037253,509.90000000037253,2756.7000000011176,h2,True
396,www.indeed.com,HTTP/2,43.90000000037253,67.29999999888241,70.59999999962747,h2,True
397,www.deepintent.com,HTTP/2,259.7000000011176,844.0999999996275,1790.7000000011176,h2,True
400,www.autodesk.com,HTTP/2,49.69999999925494,64.40000000037253,64.90000000037253,h2,True
411,www.quora.com,HTTP/2,211.69999999925494,494.09999999962747,856.2999999988824,h2,True
414,www.google.co.uk,HTTP/2,160.80000000074506,321.59999999962747,599.3000000007451,h2,True
420,www.temu.com,HTTP/2,108.40000000037253,191.7000000011176,193.2000000011176,h2,True
423,www.globo.com,HTTP/2,438,3310.7999999988824,5854.0999999996275,h2,True
439,www.amazon.de,HTTP/2,164.80000000074506,283,400.40000000037253,h2,True
442,www.intel.com,HTTP/2,148.89999999850988,384.8999999985099,515.5999999996275,h2,True
444,www.kwai-pro.com,HTTP/2,1461,1721.4000000003725,1763.5,h2,True
449,www.giphy.com,HTTP/2,174.30000000074506,821.1999999992549,1712,h2,True
452,www.teamviewer.com,HTTP/2,136.30000000074506,484.80000000074506,1189.6000000014901,h2,True
455,www.mozilla.com,HTTP/2,315.09999999962747,608.7000000011176,610.5,h2,True
456,www.wired.com,HTTP/2,83.70000000111759,438.40000000037253,1943.300000000745,h2,True
457,www.g.page,HTTP/2,923.5,1059.1000000014901,1260.4000000003725,h2,True
459,www.time.com,HTTP/2,169.19999999925494,694.6999999992549,2594.0999999996275,h2,True
461,www.behance.net,HTTP/2,19,105.09999999962747,1658.5,h2,True
464,www.usatoday.com,HTTP/2,154.19999999925494,375.40000000037253,839.5999999996275,h2,True
468,www.mediatek.com,HTTP/2,238.40000000037253,1484.5,1993,h2,True
473,www.addtoany.com,HTTP/2,50.399999998509884,607.8999999985099,1081.0999999996275,h2,True
486,www.ft.com,HTTP/2,279.69999999925494,677.1999999992549,1217.5,h2,True
487,www.scribd.com,HTTP/2,68.39999999850988,514.6999999992549,2255.39999999851,h2,True
493,www.indiatimes.com,HTTP/2,319.90000000037253,774,1887.5999999996275,h2,True
494,www.myshopify.com,HTTP/2,196.90000000037253,333.80000000074506,380,h2,True
495,www.wix.com,HTTP/2,95.30000000074506,574.5,1275.2000000011176,h2,True
497,www.cnet.com,HTTP/2,186.30000000074506,308,2467.800000000745,h2,True
499,www.ietf.org,HTTP/2,70.69999999925494,639,694.0999999996275,h2,True
500,www.rlcdn.com,HTTP/2,208.5,222.69999999925494,223,h2,True
502,www.google.com.hk,HTTP/2,185,329.5,883.4000000003725,h2,True
505,www.berkeley.edu,HTTP/2,290.59999999962747,666.1999999992549,881.8000000007451,h2,True
506,www.apnews.com,HTTP/2,101.30000000074506,1702.4000000003725,2167.7000000011176,h2,True
509,www.media.net,HTTP/2,198.69999999925494,524.2999999988824,1432.5,h2,True
516,www.blogger.com,HTTP/2,279.90000000037253,494.40000000037253,689.3000000007451,h2,True
520,www.target.com,HTTP/2,725.4000000003725,1160.7999999988824,2963,h2,True
522,www.google.ca,HTTP/2,144.40000000037253,283.5,665.7000000011176,h2,True
531,www.plesk.com,HTTP/2,449.5,1149.0999999996275,2056.199999999255,h2,True
533,www.google.fr,HTTP/2,177.30000000074506,342.90000000037253,742.1999999992549,h2,True
535,www.deepl.com,HTTP/2,132.10000000149012,305.80000000074506,392.90000000037253,h2,True
542,www.britannica.com,HTTP/2,669.0999999996275,1150.699999999255,2334.7999999988824,h2,True
550,www.buzzfeed.com,HTTP/2,79.30000000074506,326,820.6000000014901,h2,True
559,www.google.co.jp,HTTP/2,201.30000000074506,368.19999999925494,719.5999999996275,h2,True
563,www.tripadvisor.com,HTTP/2,190.7000000011176,240,484.2000000011176,h2,True
568,www.tandfonline.com,HTTP/2,87.25999999977648,112.66499999910593,205.22000000067055,h2,True
573,www.merriam-webster.com,HTTP/2,182.59999999962747,419.19999999925494,1859.699999999255,h2,True
580,www.amazon.co.jp,HTTP/2,263.59999999962747,699.5,1209.5999999996275,h2,True
589,www.shutterstock.com,HTTP/2,69.79999999888241,116.69999999925494,581.0999999996275,h2,True
613,www.yelp.com,HTTP/2,631.2000000011176,853,1414.2000000011176,h2,True
615,www.optimizely.com,HTTP/2,326.5,1346.5,2931.199999999255,h2,True
621,www.fandom.com,HTTP/2,62,626.6999999992549,807.8999999985099,h2,True
623,www.threads.net,HTTP/2,185.90000000037253,713.5999999996275,1397.2999999988824,h2,True
624,www.google.co.in,HTTP/2,171.80000000074506,300.7000000011176,610.1000000014901,h2,True
628,www.delfi.lt,HTTP/2,1009.2999999988824,3394.699999999255,5560,h2,True
632,www.tapad.com,HTTP/2,206.90000000037253,746.4000000003725,1603.5,h2,True
633,www.google.es,HTTP/2,180.59999999962747,324.5,696.3000000007451,h2,True
646,www.fb.com,HTTP/2,307.80000000074506,658.3000000007451,797.3000000007451,h2,True
650,www.google.it,HTTP/2,147.69999999925494,268.59999999962747,558.4000000003725,h2,True
655,www.pendo.io,HTTP/2,249.40000000037253,1281.4000000003725,4603.4000000003725,h2,True
656,www.theverge.com,HTTP/2,89.30000000074506,140.5,1836.699999999255,h2,True
661,www.myspace.com,HTTP/2,0,0,0,,False
662,www.intercom.io,HTTP/2,548.0999999996275,610.9000000003725,1787.800000000745,h2,True
663,www.amazon.ca,HTTP/2,465.69999999925494,575.1999999992549,909.6999999992549,h2,True
666,www.box.com,HTTP/2,61.90000000037253,405.69999999925494,605,h2,True
668,www.brave.com,HTTP/2,508.2000000011176,873.2000000011176,1092.4000000003725,h2,True
672,www.amazon.fr,HTTP/2,87.09999999962747,185.2999999988824,293.5,h2,True
676,www.latimes.com,HTTP/2,303.7000000011176,1041,1257.300000000745,h2,True
684,www.amazon.in,HTTP/2,180.09999999962747,283,377.59999999962747,h2,True
700,www.webmd.com,HTTP/2,814.7000000011176,1104,1947.800000000745,h2,True
710,www.gumgum.com,HTTP/2,2264.800000000745,3429.300000000745,4387.300000000745,h2,True
712,www.airbnb.com,HTTP/2,88.19999999925494,750.0999999996275,788,h2,True
713,www.mediafire.com,HTTP/2,217.60000000149012,645.9000000003725,1327.4000000003725,h2,True
716,www.bugsnag.com,HTTP/2,578.2999999988824,899.5999999996275,1426,h2,True
722,www.wyzecam.com,HTTP/2,464.5,1228.199999999255,2566.5999999996275,h2,True
723,www.appspot.com,HTTP/2,464.19999999925494,589.2999999988824,686.5,h2,True
731,www.attn.tv,HTTP/2,0.7999999988824129,498.7999999988824,531.4000000003725,,True
745,www.typeform.com,HTTP/2,1938.7000000011176,2453.5,3018.7000000011176,h2,True
749,www.discordapp.com,HTTP/2,164.7999999988824,806.0999999996275,1344.699999999255,h2,True
751,www.nikkei.com,HTTP/2,947.2000000011176,1612,3015.300000000745,h2,True
758,www.heylink.me,HTTP/2,96.00999999977648,117.4199999999255,1016.890000000596,h2,True
765,www.name.com,HTTP/2,78.19999999925494,204.90000000037253,1062,h2,True
768,www.bandcamp.com,HTTP/2,729.5,1324,2564,h2,True
769,www.perfectdomain.com,HTTP/2,124.48499999940395,142.5,642.5499999988824,h2,True
770,www.mgid.com,HTTP/2,57,353.1000000014901,1690.9000000003725,h2,True
771,www.google.cn,HTTP/2,177.19999999925494,192,243.40000000037253,h2,True
772,www.amazon.it,HTTP/2,100.40000000037253,200.09999999962747,304.40000000037253,h2,True
785,www.onlyfans.com,HTTP/2,74.64499999955297,95.33500000089407,374.42500000074506,h2,True
787,www.xbox.com,HTTP/2,116,820.1999999992549,1683.5999999996275,h2,True
790,www.allaboutcookies.org,HTTP/2,167.69999999925494,216.30000000074506,406.5,h2,True
791,www.liftoff.io,HTTP/2,427.69999999925494,815.3999999985099,3314.7999999988824,h2,True
793,www.sportradar.com,HTTP/2,184.90000000037253,479.19999999925494,697.7999999988824,h2,True
797,www.nest.com,HTTP/2,615.8000000007451,747.9000000003725,929.5,h2,True
798,www.recaptcha.net,HTTP/2,139,153,248.2999999988824,h2,True
800,www.substack.com,HTTP/2,504.09999999962747,869,2236.5,h2,True
802,www.life360.com,HTTP/2,44.80000000074506,151.19999999925494,152.30000000074506,h2,True
811,www.linode.com,HTTP/2,1143,7342.299999998882,11693.799999998882,http/1.1,True
813,www.huffingtonpost.com,HTTP/2,192.60000000149012,703.5,963.7000000011176,h2,True
814,www.arxiv.org,HTTP/2,139.09999999962747,255.2999999988824,257,h2,True
815,www.upwork.com,HTTP/2,123.39000000059605,160.1550000011921,251.54000000096858,h2,True
816,www.google.pl,HTTP/2,173.5,308.5,566.9000000003725,h2,True
822,www.amazon.es,HTTP/2,313.59999999962747,602.1999999992549,688.0999999996275,h2,True
831,www.fbsbx.com,HTTP/2,190,210.30000000074506,210.80000000074506,h2,True
832,www.unpkg.com,HTTP/2,119.20000000111759,164,517.7000000011176,h2,True
835,www.spotifycdn.com,HTTP/2,72.20000000111759,85.40000000037253,85.90000000037253,h2,True
846,www.google.com.tr,HTTP/2,157.59999999962747,303.40000000037253,775.1999999992549,h2,True
848,www.google.com.mx,HTTP/2,152.39999999850988,295.19999999925494,639.1999999992549,h2,True
850,www.spamhaus.org,HTTP/2,60.399999998509884,424.69999999925494,946.2999999988824,h2,True
856,www.coingecko.com,HTTP/2,235.10000000149012,385.2900000009686,434.035000000149,h2,True
863,www.mozilla.net,HTTP/2,1192.4000000003725,1535.1000000014901,1537.7000000011176,h2,True
868,www.huffpost.com,HTTP/2,64.39999999850988,563.1999999992549,829.5999999996275,h2,True
869,www.discogs.com,HTTP/2,64.27500000037253,84.45999999903142,168.49499999918044,h2,True
870,www.kick.com,HTTP/2,80.56000000052154,101.51500000059605,187.6699999999255,h2,True
873,www.smartthings.com,HTTP/2,257,1049.800000000745,1236.4000000003725,h2,True
874,www.biblegateway.com,HTTP/2,64.89999999850988,507.2999999988824,1563.7999999988824,h2,True
875,www.freepik.com,HTTP/2,57.59999999962747,68.79999999888241,69.29999999888241,h2,True
889,www.g.co,HTTP/2,256.19999999925494,404.5,513.5999999996275,h2,True
890,www.firefox.com,HTTP/2,521.5999999996275,823.5,825.0999999996275,h2,True
891,www.adblockplus.org,HTTP/2,17.300000000745058,267.5,269.30000000074506,h2,True
896,www.amazon.com.br,HTTP/2,685,783,1107.4000000003725,h2,True
903,www.chess.com,HTTP/2,317.19999999925494,489.19999999925494,607.1999999992549,h2,True
904,www.chaturbate.com,HTTP/2,412,1706.9000000003725,2084.5,h2,True
916,www.readthedocs.io,HTTP/2,1078.5,1897,2100.4000000003725,h2,True
919,www.onesignal.com,HTTP/2,163.09999999962747,446,1165.4000000003725,h2,True
922,www.openstreetmap.org,HTTP/2,581.0999999996275,1118.2000000011176,1124.9000000003725,h2,True
923,www.repubblica.it,HTTP/2,64.29999999888241,405.7999999988824,990.7999999988824,h2,True
930,www.pexels.com,HTTP/2,72.98000000044703,93.8300000000745,180.63499999977648,h2,True
931,www.onet.pl,HTTP/2,71.19999999925494,121.79999999888241,1191.699999999255,h2,True
933,www.curseforge.com,HTTP/2,61.375,78.74499999918044,169.68999999947846,h2,True
937,www.character.ai,HTTP/2,1134.5999999996275,1210.199999999255,1451.0999999996275,h2,True
940,www.python.org,HTTP/2,63.79999999888241,344.2999999988824,381.8999999985099,h2,True
945,www.alphonso.tv,HTTP/2,1272.800000000745,1582.5,1953,h2,True
950,www.ryanair.com,HTTP/2,111.19999999925494,273.2999999988824,1168.699999999255,h2,True
951,www.express.co.uk,HTTP/2,226.09999999962747,671.7000000011176,1400.0999999996275,h2,True
954,www.eporner.com,HTTP/2,464.7999999988824,843.8999999985099,999.3999999985099,h2,True
960,www.ancestry.com,HTTP/2,86.30000000074506,501.40000000037253,903.6999999992549,h2,True
964,www.figma.com,HTTP/2,238.40000000037253,750.1999999992549,751.5999999996275,h2,True
976,www.umich.edu,HTTP/2,444.81499999947846,466.36999999918044,553.8450000006706,h2,True
977,www.pixiv.net,HTTP/2,641.2399999983609,662.0999999996275,999.679999999702,h2,True
980,www.jetbrains.com,HTTP/2,61.5,474.30000000074506,1598.1000000014901,h2,True
990,www.economist.com,HTTP/2,661.7000000011176,1274,2286.7000000011176,h2,True
993,www.wikihow.com,HTTP/2,169.5,439.69999999925494,1577.199999999255,h2,True
1008,www.amazon.com.mx,HTTP/2,467,584,914.5,h2,True
1021,www.bol.com,HTTP/2,62.5,448.8999999985099,490.3999999985099,h2,True
1028,www.screenrant.com,HTTP/2,762.7999999988824,1086.699999999255,1615.2999999988824,h2,True
1031,www.sportskeeda.com,HTTP/2,56.100000001490116,425.1000000014901,526.9000000003725,h2,True
1032,www.goal.com,HTTP/2,97.70000000111759,496.09999999962747,1614,h2,True
1038,www.businesswire.com,HTTP/2,0.7999999988824129,106.79999999888241,111.90000000037253,,True
1039,www.sportybet.com,HTTP/2,202.59999999962747,286.2999999988824,2149.5,h2,True
1045,www.terra.com.br,HTTP/2,884.2000000011176,3403,3961.7000000011176,h2,True
1049,www.jstor.org,HTTP/2,552.3000000007451,663.4000000003725,1705.5999999996275,h2,True
1069,www.hotstar.com,HTTP/2,1028.5,1242.7000000011176,2305.5999999996275,h2,True
1071,www.meethue.com,HTTP/2,246.80000000074506,432.80000000074506,1161,h2,True
1074,www.poki.com,HTTP/2,124.09999999962747,525.2999999988824,736.8999999985099,h2,True
1081,www.google.ru,HTTP/2,185.59999999962747,325.19999999925494,696,h2,True
1086,www.jimdo.com,HTTP/2,66.69999999925494,453.2999999988824,459.2999999988824,h2,True
1088,www.spankbang.com,HTTP/2,279.59999999962747,302.80000000074506,339.30000000074506,h2,True
1093,www.xhamster.desi,HTTP/2,1001.4000000003725,1316.2000000011176,2284.7000000011176,h2,True
1096,www.ameba.jp,HTTP/2,2124.5999999996275,2140.5999999996275,2141.199999999255,h2,True
1109,www.clarin.com,HTTP/2,75.70000000111759,428.40000000037253,2088,h2,True
1112,www.nintendo.com,HTTP/2,87.29999999888241,489.2999999988824,1112.0999999996275,h2,True
1117,www.20minutos.es,HTTP/2,69.29999999888241,296.7999999988824,1202.8999999985099,h2,True
1124,www.mlb.com,HTTP/2,512.2999999988824,1399.8999999985099,6179.699999999255,h2,True
1125,www.fb.me,HTTP/2,219.09999999962747,566.7999999988824,709.0999999996275,h2,True
1126,www.wise.com,HTTP/2,1001.0999999996275,1058.5999999996275,2747,h2,True
1131,www.sonobi.com,HTTP/2,837.2000000011176,1560.1000000014901,1960.1000000014901,h2,True
1132,www.archiveofourown.org,HTTP/2,388.90000000037253,882.3000000007451,899.5,h2,True
1137,www.aftonbladet.se,HTTP/2,109.40000000037253,169,1172.300000000745,h2,True
1139,www.flashscore.com,HTTP/2,68.90000000037253,320.7999999988824,676.0999999996275,h2,True
1140,www.biomedcentral.com,HTTP/2,107,146.2000000011176,944.5999999996275,h2,True
1141,www.hltv.org,HTTP/2,89.8600000012666,113.75500000081956,212.76999999955297,h2,True
1143,www.newyorker.com,HTTP/2,70.59999999962747,541.9000000003725,2219.0999999996275,h2,True
1147,www.plos.org,HTTP/2,356,672,1107.7000000011176,h2,True
1148,www.youporn.com,HTTP/2,189.5,518.3999999985099,758.2999999988824,h2,True
1152,www.akismet.com,HTTP/2,687,1089.5,1648.3999999985099,h2,True
1155,www.rule34.xxx,HTTP/2,185.90000000037253,265.90000000037253,286.30000000074506,h2,True
1167,www.notion.so,HTTP/2,377.2000000011176,426.30000000074506,1165.300000000745,h2,True
1172,www.faphouse.com,HTTP/2,399.90000000037253,785.4000000003725,2422.10000000149,h2,True
1176,www.vg.no,HTTP/2,135.5,569.2999999988824,742.9000000003725,h2,True
1185,www.pravda.ru,HTTP/2,101.87000000104308,121.15000000037253,206.66500000096858,h2,True
1199,www.cookpad.com,HTTP/2,324.30000000074506,937.8000000007451,1369.4000000003725,h2,True
1217,www.janitorai.com,HTTP/2,115.70000000111759,149.40000000037253,155,h2,True
1222,www.zdnet.com,HTTP/2,232.89999999850988,308.19999999925494,1614.5999999996275,h2,True
1226,www.redtube.com,HTTP/2,286.40000000037253,678.9000000003725,944,h2,True
1227,www.trustarc.com,HTTP/2,635.3000000007451,1084.5,1512.9000000003725,h2,True
1228,www.fdown.net,HTTP/2,60.40000000037253,167.60000000149012,169.30000000074506,h2,True
1229,www.tgju.org,HTTP/2,124.60000000149012,837.7000000011176,984.5,h2,True
1234,www.fanfiction.net,HTTP/2,67.19500000029802,87.46000000089407,174.65000000037253,h2,True
1236,www.indiamart.com,HTTP/2,180.2999999988824,700.5999999996275,1298.4000000003725,h2,True
1237,www.esxdos.org,HTTP/2,404.1000000014901,564.3000000007451,584.3000000007451,h2,True
1238,www.unmsapp.com,HTTP/2,1305.5999999996275,1756.5,3029,h2,True
1245,www.livescore.com,HTTP/2,79.30000000074506,164.40000000037253,573.2000000011176,h2,True
1256,www.googleapis.cn,HTTP/2,215,226.69999999925494,333.69999999925494,h2,True
1257,www.fetlife.com,HTTP/2,178.3300000000745,199.1450000014156,287.1000000014901,h2,True
1260,www.4chan.org,HTTP/2,109.75999999977648,129.535000000149,213.99000000022352,h2,True
1273,www.business.site,HTTP/2,261.09999999962747,278.09999999962747,396,h2,True
1274,www.xhamster2.com,HTTP/2,1111.0999999996275,1422.5,2405.2999999988824,h2,True
1283,www.constantcontact.com,HTTP/2,150.91500000096858,172.05499999970198,995.0999999996275,h2,True
1288,www.amazon.eg,HTTP/2,207.80000000074506,511.90000000037253,527.8000000007451,h2,True
1290,www.meesho.com,HTTP/2,168.30000000074506,182.40000000037253,182.90000000037253,h2,True
1294,www.donmai.us,HTTP/2,105.31000000052154,124.9050000011921,210.12000000104308,h2,True
1296,www.namu.wiki,HTTP/2,627.7999999988824,903.1999999992549,1514.0999999996275,h2,True
1300,www.oneindia.com,HTTP/2,72.90000000037253,183.80000000074506,188.09999999962747,h2,True
1302,www.futbin.com,HTTP/2,66.70000000111759,678.2000000011176,3395.2000000011176,h2,True
1317,www.ilmessaggero.it,HTTP/2,173,770.4000000003725,1751,h2,True
1321,www.stripchat.com,HTTP/2,146.7999999988824,623.7999999988824,998.5,h2,True
1327,www.gamer.com.tw,HTTP/2,1542.9000000003725,2251.9000000003725,3308.5,h2,True
1332,www.justdial.com,HTTP/2,0.6999999992549419,239.19999999925494,243.59999999962747,,True
1337,www.unifi-ai.com,HTTP/2,219.19999999925494,233.89999999850988,234.2999999988824,h2,True
1345,www.imhentai.xxx,HTTP/2,335.2999999988824,2558.2999999988824,2737.699999999255,h2,True
1352,www.ntppool.org,HTTP/2,186.40000000037253,425.59999999962747,1006,h2,True
1355,www.hianime.to,HTTP/2,775.8999999985099,1252.3999999985099,1689.699999999255,h2,True
1359,www.e-hentai.org,HTTP/2,151.5,188.60000000149012,1908.1000000014901,h2,True
1364,www.xhamster43.desi,HTTP/2,1118.300000000745,1276.5999999996275,2457,h2,True
1365,www.xxxbp.tv,HTTP/2,261.90000000037253,492.5,500.80000000074506,h2,True
1366,www.missav.ws,HTTP/2,114.70000000111759,230.90000000037253,232.90000000037253,h2,True
1367,www.superporn.com,HTTP/2,728.2000000011176,1093.6000000014901,1468.7000000011176,h2,True
1370,www.fanpage.it,HTTP/2,81.09999999962747,92,92.5,h2,True
1384,www.inps.it,HTTP/2,142.39999999850988,490.7999999988824,1251.7999999988824,h2,True
1385,www.18comic.vip,HTTP/2,89.23499999940395,107.8300000000745,195.88000000081956,h2,True
1388,www.tsn.ua,HTTP/2,501.2999999988824,705.5999999996275,1358.5999999996275,http/1.1,True
1393,www.hollywoodbets.net,HTTP/2,100.87000000104308,121.30500000156462,215.64000000059605,h2,True
1394,www.hanime1.me,HTTP/2,526.3800000008196,550.6000000014901,1283.890000000596,h2,True
1399,www.fatalmodel.com,HTTP/2,430.2000000011176,817.2000000011176,1274.800000000745,h2,True
1405,www.expedia.com,HTTP/2,125.29999999888241,284.8999999985099,693.1999999992549,h2,True
1406,www.protothema.gr,HTTP/2,211.7999999988824,593.0999999996275,3422.2999999988824,h2,True
1408,www.xhamster3.com,HTTP/2,1372.4000000003725,1716.800000000745,2715.7000000011176,h2,True
1416,www.bookmyshow.com,HTTP/2,331.40000000037253,450.5,452.30000000074506,h2,True
1417,www.jutarnji.hr,HTTP/2,137.40000000037253,860,4190.5,h2,True
1420,www.typing.com,HTTP/2,199,1123.4000000003725,1319.5,h2,True
1422,www.blic.rs,HTTP/2,172.40000000037253,1053.5,1541.9000000003725,h2,True
1426,www.kooora.com,HTTP/2,654.0999999996275,701,1767.8999999985099,h2,True
1432,www.xhamster1.desi,HTTP/2,1054.800000000745,1362.6000000014901,2308.10000000149,h2,True
1435,www.ekstrabladet.dk,HTTP/2,129.09999999962747,1294.0999999996275,1508.7000000011176,h2,True
1441,www.tori.fi,HTTP/2,152.19999999925494,511.3999999985099,1954.199999999255,h2,True
1442,www.fastcompany.com,HTTP/2,82.40000000037253,145,382.2000000011176,h2,True
1446,www.manoramaonline.com,HTTP/2,452,1638.5,2422.4000000003725,h2,True
1447,www.xnxx.health,HTTP/2,94,809.5,2011.4000000003725,h2,True
1449,www.mat6tube.com,HTTP/2,238.40000000037253,350.09999999962747,690.8000000007451,h2,True
1450,www.luxuretv.com,HTTP/2,66.60000000149012,85.90000000037253,94.60000000149012,h2,True
1451,www.ssstik.io,HTTP/2,117.09999999962747,217.09999999962747,1094,h2,True
1452,www.snaptik.app,HTTP/2,189.30000000074506,327.7000000011176,345.90000000037253,h2,True
1455,www.fapello.com,HTTP/2,133.09999999962747,729.7999999988824,1656.4000000003725,h2,True
1456,www.happymod.com,HTTP/2,1317.2999999988824,1340.5,1948.7999999988824,h2,True
1457,www.3bmeteo.com,HTTP/2,101.90000000037253,283.59999999962747,654.7000000011176,h2,True
1459,www.oecd.org,HTTP/2,128.05499999970198,149.72000000067055,466.09999999962747,h2,True
1461,www.myreadingmanga.info,HTTP/2,67.24000000022352,89.43500000052154,171.1550000011921,h2,True
1466,www.sxyprn.com,HTTP/2,552.0999999996275,1227.7000000011176,1976.0999999996275,h2,True
1467,www.almasryalyoum.com,HTTP/2,80.83500000089407,100.8300000000745,185.97000000067055,h2,True
1469,www.xbato.com,HTTP/2,486.589999999851,512.4399999994785,1125.2200000006706,h2,True
1471,www.fb.watch,HTTP/2,181,1050.800000000745,1091,h2,True
1480,www.mangabuddy.com,HTTP/2,1180.5,1561.6000000014901,3511.2000000011176,h2,True
1481,www.pussyspace.com,HTTP/2,42.19999999925494,182,474.19999999925494,h2,True
1483,www.aniwatchtv.to,HTTP/2,758.6999999992549,1329.699999999255,1586.2999999988824,h2,True
1484,www.prokerala.com,HTTP/2,366.59999999962747,488.30000000074506,1306.7000000011176,h2,True
1485,www.123av.com,HTTP/2,228.5,302.80000000074506,656.5,h2,True
1486,www.porn300.com,HTTP/2,1506.9000000003725,1770.1000000014901,2162.9000000003725,h2,True
1489,www.fantia.jp,HTTP/2,1843.5999999996275,3058.199999999255,4887.5999999996275,h2,True
1493,www.kompoz2.com,HTTP/2,583.5999999996275,1003.6999999992549,1884.3999999985099,h2,True
1495,www.inxxx.com,HTTP/2,211.69999999925494,366.69999999925494,698.8000000007451,h2,True
1498,www.ptt.cc,HTTP/2,1430.0999999996275,1687.199999999255,1839,h2,True
1500,www.jav.guru,HTTP/2,85.39499999955297,105.85499999858439,505.875,h2,True
1505,www.marmiton.org,HTTP/2,108.60000000149012,709.3000000007451,2313.800000000745,h2,True
1506,www.serviporno.com,HTTP/2,563,707.5,1191,h2,True
1508,www.exhentai.org,HTTP/2,2114.5999999996275,2127.7999999988824,2128.2999999988824,h2,True
1509,www.komiku.id,HTTP/2,1495.5,3202.5999999996275,8248.299999998882,h2,True
1511,www.redwap.sex,HTTP/2,378,671.5,986.9000000003725,h2,True
1518,www.nitrotype.com,HTTP/2,140.89999999850988,255.69999999925494,260.7999999988824,h2,True
1523,www.sidrachain.com,HTTP/2,92.90000000037253,202.5,207.2000000011176,h2,True
1528,www.wnacg.com,HTTP/2,349.7000000011176,1853.0999999996275,3214.5999999996275,h2,True
1532,www.caliente.mx,HTTP/2,91.80000000074506,113.09999999962747,367.30000000074506,h2,True
1534,www.tktube.com,HTTP/2,127.06499999947846,148.57000000029802,231.07000000029802,h2,True
1535,www.livescore.in,HTTP/2,23.600000001490116,142.10000000149012,1201.5,h2,True
1537,www.pornocarioca.com,HTTP/2,245.40000000037253,509.19999999925494,1567.199999999255,h2,True
1543,www.doujindesu.tv,HTTP/2,153.3899999987334,176.07000000029802,271.06499999947846,h2,True
1547,www.fastdl.app,HTTP/2,217.80000000074506,303,517.4000000003725,h2,True
1555,www.tvonenews.com,HTTP/2,658.3000000007451,1694.5999999996275,2551.4000000003725,h2,True
1559,www.croxyproxy.com,HTTP/2,841.8999999985099,987.6999999992549,1840.2999999988824,h2,True
1562,www.freeip.me,HTTP/2,108.09999999962747,260.90000000037253,478.90000000037253,h2,True
1563,www.joyclub.de,HTTP/2,204.5,705.5,794.1999999992549,h2,True
1577,www.skipthegames.com,HTTP/2,107,124.20000000111759,165.5,h2,True
1578,www.pussyboy.net,HTTP/2,607.2000000011176,848.7000000011176,987.5999999996275,h2,True
1582,www.wto.to,HTTP/2,182.93500000052154,204.57499999925494,518.4000000003725,h2,True
1586,www.goojara.to,HTTP/2,576.7000000011176,747.3000000007451,866.9000000003725,h2,True
1587,www.mangatoto.com,HTTP/2,487.56499999947846,509.695000000298,2575.4900000002235,h2,True
1588,www.xosodaiphat.com,HTTP/2,1712.8999999985099,1879.5999999996275,2932.699999999255,h2,True
1591,www.arbada.com,HTTP/2,185.5,574.5999999996275,656.5999999996275,h2,True
1594,www.theqoo.net,HTTP/2,1052.5149999987334,1079.019999999553,1271.5149999987334,h2,True
1597,www.69yuedu.net,HTTP/2,145.80000000074506,851,853.8000000007451,h2,True
1605,www.indiansexstories2.net,HTTP/2,102.72000000067055,123.42500000074506,221.9850000012666,h2,True
1610,www.playtime.ph,HTTP/2,249.19999999925494,273.69999999925494,287.69999999925494,h2,True
1611,www.fanmtl.com,HTTP/2,579.9000000003725,1106,1452.4000000003725,h2,True
1612,www.bikewale.com,HTTP/2,1057.2999999988824,1424.4000000003725,1544.4000000003725,h2,True
1615,www.ladies.de,HTTP/2,127.20000000111759,555.2000000011176,604.3000000007451,h2,True
1619,www.52shuku.vip,HTTP/2,383.80000000074506,402.59999999962747,652.4000000003725,h2,True
1623,www.xoso.com.vn,HTTP/2,100.57000000029802,120.89499999955297,4593.464999999851,h2,True
1626,www.lekmanga.net,HTTP/2,1504.5,2799.4000000003725,2861.7999999988824,h2,True
1627,www.spaggiari.eu,HTTP/2,656.1999999992549,1318.5999999996275,1485.5999999996275,h2,True
1628,www.arca.live,HTTP/2,134.839999999851,154.57499999925494,1028.6850000005215,h2,True
1629,www.apornvideo.com,HTTP/2,615.2999999988824,845.8999999985099,1111,h2,True
1630,www.gartner.com,HTTP/2,199.11500000022352,223.25500000081956,315.820000000298,h2,True
1632,www.librefutbol.su,HTTP/2,1574.3999999985099,1996.5999999996275,2512.89999999851,h2,True
1633,www.list.am,HTTP/2,131.59999999962747,250.40000000037253,255.80000000074506,h2,True
1634,www.zonatmo.com,HTTP/2,723.7000000011176,1410.6000000014901,3862.300000000745,h2,True
1635,www.olimpbet.kz,HTTP/2,336.19999999925494,784.5999999996275,2309,h2,True
1636,www.anoboy.app,HTTP/2,509.0200000014156,533.3100000005215,1616.2750000003725,h2,True
1637,www.deltaork.com,HTTP/2,396.5,655.7999999988824,2290.699999999255,h2,True
1639,www.betika.com,HTTP/2,135.10000000149012,182.7000000011176,3045.300000000745,h2,True
1645,www.letras.mus.br,HTTP/2,978.2999999988824,1013.5,2292.0999999996275,h2,True
1647,www.singular.net,HTTP/2,503.30000000074506,741.9000000003725,907.3000000007451,h2,True
1648,www.rexporn.sex,HTTP/2,756.5999999996275,1454,2266.300000000745,h2,True
1653,www.promiedos.com.ar,HTTP/2,308.80000000074506,332.09999999962747,1089.0999999996275,h2,True
1656,www.nz.ua,HTTP/2,114.72000000067055,136.32000000029802,244.19999999925494,h2,True
1660,www.zbporn.tv,HTTP/2,1063.2999999988824,1561.0999999996275,2197.2999999988824,h2,True
1662,www.lectormangaa.com,HTTP/2,495.58500000089407,518.410000000149,789.8100000005215,h2,True
1667,www.justindianporn.info,HTTP/2,585.4000000003725,927.4000000003725,1421,h2,True
1669,www.onlyindianx.cc,HTTP/2,583.9000000003725,857.9000000003725,1333.7999999988824,h2,True
1670,www.arabx.cam,HTTP/2,86.80000000074506,456.40000000037253,1213.800000000745,h2,True
1671,www.tmohentai.com,HTTP/2,662,1139.0999999996275,3061.199999999255,h2,True
1672,www.arabsex.to,HTTP/2,80.70000000111759,101.18500000052154,186.42500000074506,h2,True
1675,www.betpawa.ug,HTTP/2,276.09999999962747,356.7000000011176,509.90000000037253,h2,True
1677,www.kamababa.desi,HTTP/2,70.72000000067055,90.3300000000745,173.625,h2,True
1678,www.desitales2.com,HTTP/2,101.8300000000745,121.78500000014901,212.10500000044703,h2,True
1679,www.yallakora.com,HTTP/2,1318.699999999255,1957.0999999996275,2212.199999999255,h2,True
1683,www.scan-manga.com,HTTP/2,71.20000000111759,86.70000000111759,88.30000000074506,h2,True
1684,www.fsiblog3.club,HTTP/2,80.40000000037253,101.27999999932945,183.33499999903142,h2,True
1685,www.jaya9.app,HTTP/2,172.09999999962747,284.09999999962747,285.2000000011176,h2,True
1688,www.ojogodobicho.com,HTTP/2,613,633.5999999996275,1341.9000000003725,h2,True
1690,www.betpawa.co.tz,HTTP/2,137.60000000149012,204.80000000074506,381.2000000011176,h2,True
1691,www.sex-arabi.co,HTTP/2,120.70000000111759,380.59999999962747,923.9000000003725,h2,True
1697,www.xxxhindi.to,HTTP/2,374.2000000011176,674.4000000003725,1301,h2,True
1701,www.conectate.com.do,HTTP/2,403.19999999925494,1017.8000000007451,2155.5,h2,True
1702,www.krikya.io,HTTP/2,77.5,190.09999999962747,195,h2,True
1708,www.tuazar.com,HTTP/2,611,844.7999999988824,897.5999999996275,h2,True
1711,www.gekso.xyz,HTTP/2,925.5,1182.0999999996275,1363.7000000011176,h2,True
1714,www.tamildhool.net,HTTP/2,80.81999999843538,103.8300000000745,1034.289999999106,h2,True
1715,www.escort.club,HTTP/2,753.0999999996275,1520.5,2271.4000000003725,h2,True
1716,www.shaalaa.com,HTTP/2,224.89999999850988,373.5,875.2999999988824,h2,True
1720,www.ibomma.day,HTTP/2,0.7999999988824129,445.59999999962747,472,,True
1721,www.mangatoto.org,HTTP/2,493.4699999988079,516.7549999989569,1387.3899999987334,h2,True
1723,www.flashscore.fr,HTTP/2,95.29999999888241,340.19999999925494,2219,h2,True
1725,www.flashscore.com.ve,HTTP/2,256.30000000074506,478.40000000037253,827.8000000007451,h2,True
1730,www.turbo.az,HTTP/2,61.1100000012666,79.82500000111759,178.839999999851,h2,True
1732,www.xxxbfvideos.to,HTTP/2,79.58999999985099,101.77499999850988,185.7999999988824,h2,True
1736,www.wannonce.com,HTTP/2,104.69999999925494,273.5,991.2999999988824,h2,True
1737,www.yako.gg,HTTP/2,384.59999999962747,610.5999999996275,638.6999999992549,h2,True
1738,www.animanch.com,HTTP/2,1043.1000000014901,2421.2000000011176,19204.200000001118,h2,True
1739,www.mingky.net,HTTP/2,94.99000000022352,115.98000000044703,199.13500000163913,h2,True
1741,www.xn--l3cg7a8a0cwa3f.com,HTTP/2,293.8999999985099,316.19999999925494,463.19999999925494,h2,True
1742,www.porno18.site,HTTP/2,703.7999999988824,975.5,1613.0999999996275,h2,True
1746,www.com.se,HTTP/2,296,473.09999999962747,639.7999999988824,h2,True
1749,www.freesexkahani.com,HTTP/2,98.5949999988079,116.94999999925494,204.3300000000745,h2,True
1752,www.dpbossss.services,HTTP/2,1256.9000000003725,1427.5999999996275,1431.2999999988824,h2,True
1755,www.bhojpurisex.site,HTTP/2,123.60000000149012,140,140.80000000074506,h2,True
1758,www.sattamatkachart.in,HTTP/2,397.90000000037253,459.59999999962747,460.90000000037253,h2,True
1759,www.lotterysambadresult.in,HTTP/2,1431.699999999255,1453.7999999988824,1745.199999999255,h2,True
1760,www.in3x.net,HTTP/2,152.7999999988824,634.0999999996275,2095.5999999996275,h2,True
1762,www.desitelugusex.com,HTTP/2,618.5999999996275,942,1142.5,h2,True
1763,www.satta-king-fixed-no.in,HTTP/2,2037.199999999255,2079.5,2425.7999999988824,h2,True
1764,www.kolkataff.in,HTTP/2,397.30000000074506,1013,1610.4000000003725,h2,True
1765,www.onlar.az,HTTP/2,1032.9000000003725,1053.699999999255,1535.800000000745,h2,True
1766,www.spboss.in,HTTP/2,530.5,728.1999999992549,731.7999999988824,h2,True
1767,www.sattamatkano1.me,HTTP/2,161.40000000037253,182.90000000037253,211.2000000011176,h2,True
1773,www.sciencemag.org,HTTP/2,79.69500000029802,100.75,193.22499999962747,h2,True
1777,www.skroutz.gr,HTTP/2,74.70000000111759,197,201.90000000037253,h2,True
1779,www.google.com.au,HTTP/2,166.60000000149012,320.40000000037253,704.9000000003725,h2,True
1785,www.xiaohongshu.com,HTTP/2,352.2000000011176,2655.10000000149,3102.7000000011176,h2,True
1803,www.acs.org,HTTP/2,78,538.2999999988824,1208.4000000003725,h2,True
1815,www.bootstrapcdn.com,HTTP/2,321.8999999985099,534.0999999996275,868.5999999996275,h2,True
1820,www.gizmodo.com,HTTP/2,513.5999999996275,1016.7999999988824,1219.5,h2,True
1821,www.simpli.fi,HTTP/2,1008.1000000014901,1271.7000000011176,3338.2000000011176,h2,True
1824,www.jwplayer.com,HTTP/2,866.5999999996275,1364.0999999996275,2400.5999999996275,h2,True
1831,www.vox.com,HTTP/2,88.20000000111759,146.40000000037253,1904.0999999996275,h2,True
1836,www.getbootstrap.com,HTTP/2,711.2000000011176,1165.4000000003725,1279.5999999996275,h2,True
1841,www.adkernel.com,HTTP/2,1064.699999999255,1391.2999999988824,1560.199999999255,h2,True
1842,www.overwolf.com,HTTP/2,58.90000000037253,345.6000000014901,1565.6000000014901,h2,True
1844,www.acronis.com,HTTP/2,274.90000000037253,640.5,2074.5999999996275,h2,True
1850,www.ultimate-guitar.com,HTTP/2,196.7999999988824,457.69999999925494,1297.5999999996275,h2,True
1854,www.evernote.com,HTTP/2,493.09999999962747,609.4000000003725,1166.5999999996275,h2,True
1855,www.themeisle.com,HTTP/2,731.8000000007451,958.7000000011176,1009.2000000011176,h2,True
1864,www.revenuecat.com,HTTP/2,72.09999999962747,130.7000000011176,479.5,h2,True
1869,www.thesun.co.uk,HTTP/2,414.5,774.0999999996275,1753.2999999988824,h2,True
1877,www.siemens.com,HTTP/2,207.80000000074506,583.3000000007451,655.8000000007451,h2,True
1880,www.google.co.id,HTTP/2,175.40000000037253,354.7999999988824,731.6999999992549,h2,True
1882,www.kernel.org,HTTP/2,110.40000000037253,127.90000000037253,158.59999999962747,h2,True
1896,www.inc.com,HTTP/2,276.40000000037253,360.09999999962747,558.2999999988824,h2,True
1898,www.n-able.com,HTTP/2,172.59999999962747,1340,1642.9000000003725,h2,True
1900,www.springserve.com,HTTP/2,1055.0999999996275,1698.5,2245.699999999255,h2,True
1908,www.thelancet.com,HTTP/2,84.4199999999255,104.52500000037253,191.12000000104308,h2,True
1918,www.medallia.com,HTTP/2,306.90000000037253,1770.7999999988824,3206,h2,True
1932,www.timeanddate.com,HTTP/2,111,411.19999999925494,550.5999999996275,h2,True
1937,www.usgs.gov,HTTP/2,82.30000000074506,984.8000000007451,2555.699999999255,http/1.1,True
1940,www.mmcdn.com,HTTP/2,64.80000000074506,76.90000000037253,77.90000000037253,h2,True
1949,www.redditstatic.com,HTTP/2,69.20000000111759,83.20000000111759,83.59999999962747,h2,True
1965,www.symantec.com,HTTP/2,174.09999999962747,243.89999999850988,1813.0999999996275,h2,True
1968,www.clevelandclinic.org,HTTP/2,241.80000000074506,810.2000000011176,2641.9000000003725,h2,True
1969,www.google.nl,HTTP/2,199.60000000149012,350.6000000014901,766.2000000011176,h2,True
1972,www.px-cloud.net,HTTP/2,212.09999999962747,228.40000000037253,228.7999999988824,h2,True
1975,www.datto.com,HTTP/2,225.5,547.2000000011176,1138.7000000011176,h2,True
1977,www.intercom.com,HTTP/2,522.7000000011176,680.4000000003725,1690.6000000014901,h2,True
1980,www.feedburner.com,HTTP/2,163.7999999988824,245.2999999988824,320.7999999988824,h2,True
1987,www.science.org,HTTP/2,86.67999999970198,112.875,215.10999999940395,h2,True
1988,www.hcaptcha.com,HTTP/2,69,316,320.1000000014901,h2,True
1990,www.digg.com,HTTP/2,376.59999999962747,769.8000000007451,1017.6999999992549,h2,True
1991,www.entrepreneur.com,HTTP/2,69.60000000149012,648.7000000011176,1624.300000000745,h2,True
1992,www.avito.st,HTTP/2,812.4000000003725,1406,8128.9000000003725,h2,True
1994,www.pnas.org,HTTP/2,78.90499999932945,99.49499999918044,207.00999999977648,h2,True
2002,www.sfgate.com,HTTP/2,128.80000000074506,145.40000000037253,619.9000000003725,h2,True
2003,www.wetransfer.com,HTTP/2,327.59999999962747,345.59999999962747,1060.5,h2,True
2007,www.logitech.com,HTTP/2,54.29999999888241,453.69999999925494,493.3999999985099,h2,True
2009,www.waze.com,HTTP/2,249.2999999988824,487.59999999962747,1598.199999999255,h2,True
2013,www.ukr.net,HTTP/2,147.19999999925494,360.59999999962747,1615.0999999996275,h2,True
2015,www.allocine.fr,HTTP/2,154.89999999850988,448.7999999988824,679.7999999988824,h2,True
2016,www.tenor.com,HTTP/2,161.2000000011176,200.2000000011176,1880.4000000003725,h2,True
2029,www.themoviedb.org,HTTP/2,170.80000000074506,385.90000000037253,624.9000000003725,h2,True
2031,www.byjus.com,HTTP/2,1104.4000000003725,2050.7999999988824,2446.4000000003725,h2,True
2032,www.miro.com,HTTP/2,210.7000000011176,290.09999999962747,1241.7000000011176,h2,True
2043,www.techradar.com,HTTP/2,334.59999999962747,748.6999999992549,1093.300000000745,h2,True
2044,www.amazon.com.au,HTTP/2,480,979.2999999988824,1287.699999999255,h2,True
2047,www.screenconnect.com,HTTP/2,457.5,1463.800000000745,4317.4000000003725,h2,True
2050,www.moengage.com,HTTP/2,123.40000000037253,189,355.69999999925494,h2,True
2054,www.euronews.com,HTTP/2,70.40000000037253,248.2000000011176,1185.5999999996275,h2,True
2064,www.tawk.to,HTTP/2,677.2000000011176,1820.5999999996275,2415.0999999996275,h2,True
2071,www.fyber.com,HTTP/2,218.19999999925494,596.8000000007451,1622.699999999255,h2,True
2074,www.ubisoft.com,HTTP/2,496.80000000074506,934.2000000011176,1085.0999999996275,h2,True
2075,www.starlink.com,HTTP/2,52.40000000037253,258.80000000074506,1348.699999999255,h2,True
2076,www.guardian.co.uk,HTTP/2,183.80000000074506,262.5,838.6000000014901,h2,True
2080,www.seedtag.com,HTTP/2,1134.4000000003725,1317.4000000003725,3365.10000000149,h2,True
2086,www.ico.org.uk,HTTP/2,316.19999999925494,526.5999999996275,667.6999999992549,h2,True
2092,www.qz.com,HTTP/2,142.19999999925494,192.19999999925494,901.4000000003725,h2,True
2094,www.pcmag.com,HTTP/2,85.67500000074506,107.78500000014901,190.32000000029802,h2,True
2099,www.aboutcookies.org,HTTP/2,874.0999999996275,1150.0999999996275,2182,h2,True
2107,www.snapkit.com,HTTP/2,924.5,1437.699999999255,2119.0999999996275,h2,True
2109,www.oculus.com,HTTP/2,462.09999999962747,1928,2384.9000000003725,h2,True
2116,www.iheart.com,HTTP/2,95.30000000074506,223,457.2000000011176,h2,True
2118,www.doubleclick.com,HTTP/2,210.90000000037253,705.9000000003725,707.3000000007451,h2,True
2124,www.m.me,HTTP/2,326.09999999962747,606.3000000007451,826.8000000007451,h2,True
2125,www.faphouse1.com,HTTP/2,646,662.5,663,h2,True
2129,www.carwale.com,HTTP/2,771.8000000007451,1106.9000000003725,1865.7000000011176,h2,True
2136,www.delgarm.com,HTTP/2,982.5,1563.699999999255,1916.199999999255,h2,True
2138,www.nordvpn.com,HTTP/2,142.5449999999255,163.64499999955297,248.660000000149,h2,True
2140,www.klarna.com,HTTP/2,395.7000000011176,484.40000000037253,891.2000000011176,h2,True
2154,www.illuminateed.com,HTTP/2,108.89999999850988,946,1726.0999999996275,h2,True
2155,www.unity.com,HTTP/2,256.59999999962747,272.80000000074506,273.30000000074506,h2,True
2162,www.acrobat.com,HTTP/2,119.29999999888241,238.39999999850988,242.89999999850988,,True
2166,www.truecaller.com,HTTP/2,90.90000000037253,454.90000000037253,618.0999999996275,h2,True
2168,www.zahraa.mr,HTTP/2,2554,3363.300000000745,4290,h2,True
2171,www.cloudfunctions.net,HTTP/2,182.10000000149012,195.7000000011176,327.6000000014901,h2,True
2178,www.anybunny.org,HTTP/2,659.3000000007451,1039.800000000745,1959,h2,True
2184,www.livescience.com,HTTP/2,74.5,493.59999999962747,933.3999999985099,h2,True
2185,www.webpkgcache.com,HTTP/2,1006.3000000007451,1474.2000000011176,2728.5,h2,True
2187,www.openssl.org,HTTP/2,188.40000000037253,204.5,599.8000000007451,h2,True
2192,www.sexsati.com,HTTP/2,471.80000000074506,907,1199,h2,True
2204,www.example.org,HTTP/2,105.69999999925494,118.79999999888241,119.59999999962747,h2,True
2211,www.geny.com,HTTP/2,267,696.2999999988824,2554.2999999988824,h2,True
2215,www.nkiri.com,HTTP/2,217.7000000011176,609.2000000011176,855,h2,True
2219,www.alldesiporn.com,HTTP/2,626.5,1078.2999999988824,1328.5999999996275,h2,True
2224,www.xbanxia.com,HTTP/2,979.3999999985099,1391,1445.5,h2,True
2225,www.phimxxx.ai,HTTP/2,624.8000000007451,1175.9000000003725,2102.699999999255,h2,True
2228,www.dewafilm.xyz,HTTP/2,694.0999999996275,1047,1635.800000000745,h2,True
2229,www.dzexams.com,HTTP/2,379.2999999988824,816,923.1999999992549,h2,True
2231,www.xn--3-twfr7ca0a9jsa8a4lc6fd.com,HTTP/2,1317.800000000745,2046,2355.9000000003725,h2,True
2236,www.sattasport.in,HTTP/2,1364.5999999996275,1955.199999999255,2174.9000000003725,h2,True
2239,www.xcumtube.com,HTTP/2,839.3000000007451,856.3000000007451,894.1000000014901,h2,True
2240,www.lotterysambad.one,HTTP/2,782.3000000007451,1171.300000000745,2095.199999999255,h2,True
2242,www.semrush.com,HTTP/2,213.09999999962747,614.8000000007451,783.1999999992549,h2,True
2245,www.wikia.com,HTTP/2,133.90000000037253,611.2999999988824,798.0999999996275,h2,True
2257,www.cutt.ly,HTTP/2,420.7999999988824,845.6999999992549,1082,h2,True
2260,www.redditmedia.com,HTTP/2,270.7000000011176,309.80000000074506,310.5,h2,True
2276,www.brightcove.com,HTTP/2,245.90000000037253,769.6999999992549,2046.5999999996275,h2,True
2280,www.scmp.com,HTTP/2,689.3999999985099,1063,1662.3999999985099,h2,True
2282,www.kwai.com,HTTP/2,361.5,388.19999999925494,2258.7999999988824,h2,True
2283,www.safety.google,HTTP/2,390.40000000037253,405.90000000037253,519.5999999996275,h2,True
2285,www.bigcartel.com,HTTP/2,165.90000000037253,216.5,404.5,h2,True
2290,www.glassdoor.com,HTTP/2,92.02999999932945,115.70999999903142,224.47499999962747,h2,True
2292,www.army.mil,HTTP/2,78.5,288.90000000037253,996.9000000003725,h2,True
2307,www.undertone.com,HTTP/2,194.30000000074506,1400,2340.0999999996275,h2,True
2309,www.thehill.com,HTTP/2,165.19999999925494,179,179.5,h2,True
2319,www.mixcloud.com,HTTP/2,102.59999999962747,117.39999999850988,410,h2,True
2326,www.signal.org,HTTP/2,96,260.7000000011176,261.80000000074506,h2,True
2328,www.semanticscholar.org,HTTP/2,348.7999999988824,831.3999999985099,2236.2999999988824,h2,True
2332,www.urbanairship.com,HTTP/2,612.4000000003725,1533,1973.7000000011176,h2,True
2333,www.crunchyroll.com,HTTP/2,66.98000000044703,87.06499999947846,171.61500000022352,h2,True
2336,www.web.app,HTTP/2,769.5999999996275,1139.2000000011176,1930.5,h2,True
2340,www.rfc-editor.org,HTTP/2,557.5,762.9000000003725,1101.5,h2,True
2346,www.shipt.com,HTTP/2,213.19999999925494,230.09999999962747,230.39999999850988,h2,True
2347,www.usercontent.goog,HTTP/2,258.59999999962747,274.59999999962747,391.90000000037253,h2,True
2353,www.fwmrm.net,HTTP/2,1972.3999999985099,2281.39999999851,3185.199999999255,h2,True
2366,www.bfmtv.com,HTTP/2,79.90000000037253,750.9000000003725,4159,h2,True
2372,www.sextop1.bot,HTTP/2,1439.5999999996275,1997.9000000003725,2336.300000000745,h2,True
2373,www.grafana.com,HTTP/2,157.59999999962747,736.5999999996275,937.4000000003725,h2,True
2377,www.nejm.org,HTTP/2,97.0599999986589,115.9550000000745,208.52499999850988,h2,True
2379,www.siilo.com,HTTP/2,527.1999999992549,770.2999999988824,811.4000000003725,h2,True
2381,www.ably.io,HTTP/2,1144.5,1621.7999999988824,2595.39999999851,h2,True
2384,www.joinhoney.com,HTTP/2,314.6000000014901,548.4000000003725,1360,h2,True
2393,www.filmyfly.phd,HTTP/2,759.1999999992549,1282.3999999985099,2450.39999999851,h2,True
2394,www.fool.com,HTTP/2,87.59999999962747,1209.4000000003725,1742.4000000003725,h2,True
2395,www.filmyzilla.net.pl,HTTP/2,1141.6000000014901,1336.2000000011176,1704.5,h2,True
2396,www.pidey.co,HTTP/2,90.06499999947846,111.49000000022352,222.58499999903142,h2,True
2398,www.mp4moviez.capital,HTTP/2,4230.300000000745,4445.9000000003725,4944.5,h2,True
2399,www.simontokx.co,HTTP/2,2471.199999999255,3003.0999999996275,4019.5999999996275,h2,True
2400,www.5movierulz.soy,HTTP/2,1614.0999999996275,2215.4000000003725,2397,h2,True
2401,www.5movierulz.vu,HTTP/2,2188.300000000745,2748.699999999255,2920,h2,True
2402,www.5movierulz.spa,HTTP/2,1678.7000000011176,2255.4000000003725,2454,h2,True
2403,www.mupnungvl.pro,HTTP/2,897,912.5999999996275,913.4000000003725,h2,True
2405,www.filmyfly.moi,HTTP/2,802.0999999996275,1425.699999999255,2580.2999999988824,h2,True
2407,www.thetimes.co.uk,HTTP/2,512.8000000007451,1189.2000000011176,6320.10000000149,h2,True
2408,www.translate.goog,HTTP/2,168.5,185.7000000011176,305.40000000037253,h2,True
2409,www.1isaidub.com,HTTP/2,1745.0999999996275,2077.199999999255,2201,h2,True
2410,www.moviesda.city,HTTP/2,1800.0999999996275,2167.800000000745,2225.300000000745,h2,True
2411,www.xnhau.top,HTTP/2,970.3149999994785,995.2750000003725,1096.379999998957,h2,True
2412,www.filmyzilla.net.bz,HTTP/2,1334.2000000011176,1541.2000000011176,1836.6000000014901,h2,True
2416,www.mp4moviez.pub,HTTP/2,3908.89999999851,4132.0999999996275,4698.0999999996275,h2,True
2419,www.hdhub4u.phd,HTTP/2,647.3999999985099,1150.199999999255,1476.699999999255,h2,True
2424,www.blacktoon347.com,HTTP/2,344.80000000074506,549.6999999992549,562.0999999996275,h2,True
2442,www.history.com,HTTP/2,405.7000000011176,824.1000000014901,992.2000000011176,h2,True
2445,www.visualwebsiteoptimizer.com,HTTP/2,138.7000000011176,1044.5,2192.5999999996275,h2,True
2448,www.ipinfo.io,HTTP/2,370.2999999988824,399.90000000037253,2548.9000000003725,h2,True
2453,www.wayfair.com,HTTP/2,171.30000000074506,282,1377.9000000003725,h2,True
2460,www.share-dns.com,HTTP/2,75.09999999962747,141.30000000074506,145.90000000037253,h2,True
2464,www.egnyte.com,HTTP/2,125.89999999850988,548,1169.0999999996275,h2,True
2465,www.messenger.com,HTTP/2,277,563,792.9000000003725,h2,True
2474,www.lazada.co.id,HTTP/2,1670,2859,4414.200000001118,h2,True
2477,www.dynamicyield.com,HTTP/2,582.4000000003725,2076.4000000003725,2209.9000000003725,h2,True
2478,www.home-assistant.io,HTTP/2,83,474.90000000037253,707.4000000003725,h2,True
2483,www.smithsonianmag.com,HTTP/2,97.50499999895692,118.7199999988079,295.4249999988824,h2,True
2486,www.google.be,HTTP/2,188.09999999962747,332.2999999988824,738.2999999988824,h2,True
2487,www.wpastra.com,HTTP/2,740.9000000003725,1864.2000000011176,5451.700000001118,h2,True
2495,www.disney.com,HTTP/2,91.80000000074506,104.09999999962747,104.59999999962747,h2,True
2499,www.google.at,HTTP/2,202.30000000074506,353.40000000037253,784.2000000011176,h2,True
2500,www.lazada.com.ph,HTTP/2,1131.4000000003725,2147.0999999996275,3527.0999999996275,h2,True
2503,www.gamespot.com,HTTP/2,127.80000000074506,623.5999999996275,1019.5,h2,True
2506,www.walkme.com,HTTP/2,1411.199999999255,1615.7999999988824,1650.0999999996275,h2,True
2507,www.google.co.th,HTTP/2,151.90000000037253,300,605.1999999992549,h2,True
2512,www.wpguardian.com,HTTP/2,2095.0999999996275,3013.699999999255,3396.7999999988824,h2,True
2516,www.wpguardian.io,HTTP/2,1034.4000000003725,1724.7999999988824,1952.9000000003725,h2,True
2517,www.nexon.com,HTTP/2,99.19999999925494,842.0999999996275,936.3999999985099,h2,True
2518,www.slashdot.org,HTTP/2,484.90000000037253,844.9000000003725,1096.4000000003725,h2,True
2519,www.auth0.com,HTTP/2,239.60000000149012,257.7000000011176,1226.300000000745,h2,True
2522,www.dondominio.com,HTTP/2,421.6000000014901,506.80000000074506,812.3000000007451,h2,True
2531,www.imf.org,HTTP/2,2159.5999999996275,7579.700000001118,9626,h2,True
2533,www.easybrain.com,HTTP/2,528.1999999992549,784.3999999985099,1600.2999999988824,h2,True
2539,www.cookiebot.com,HTTP/2,92.09999999962747,352.40000000037253,650.9000000003725,h2,True
2548,www.google.com.tw,HTTP/2,179.30000000074506,403.5,806.5999999996275,h2,True
2550,www.pubnative.net,HTTP/2,634.5999999996275,988.1999999992549,1240,h2,True
2553,www.lazada.sg,HTTP/2,392.5,1432.699999999255,2795.5999999996275,h2,True
2556,www.tmz.com,HTTP/2,355.59999999962747,1135.0999999996275,2230.300000000745,h2,True
2563,www.hbo.com,HTTP/2,89.89999999850988,111.69999999925494,615.5,h2,True
2567,www.sensic.net,HTTP/2,50.70000000111759,62.80000000074506,224.10000000149012,h2,True
2573,www.instructables.com,HTTP/2,80.40000000037253,925.9000000003725,1618.9000000003725,h2,True
2579,www.tinypass.com,HTTP/2,448,825.9000000003725,884.9000000003725,h2,True
2584,www.web.dev,HTTP/2,277.7000000011176,292.59999999962747,378.40000000037253,h2,True
2596,www.lazada.com,HTTP/2,1988.4000000003725,2709.300000000745,3569.199999999255,h2,True
2599,www.thoughtco.com,HTTP/2,260,681.5,707.0999999996275,h2,True
2609,www.bigcommerce.com,HTTP/2,585.4000000003725,645.2000000011176,928,h2,True
2614,www.flaticon.com,HTTP/2,141.89999999850988,155.7999999988824,156.2999999988824,h2,True
2615,www.capitaloneshopping.com,HTTP/2,1911.5999999996275,3085.199999999255,5199.0999999996275,h2,True
2620,www.shop.app,HTTP/2,158.44500000029802,180.42999999970198,260.910000000149,h2,True
2624,www.standard.co.uk,HTTP/2,197.09999999962747,432.30000000074506,1901.4000000003725,h2,True
2626,www.google.se,HTTP/2,241.80000000074506,382.80000000074506,902.8000000007451,h2,True
2636,www.cyberprotector.online,HTTP/2,539.0999999996275,716.5,718.0999999996275,h2,True
2637,www.snssdk.com,HTTP/2,1546.3999999985099,2558,3714.89999999851,h2,True
2638,www.lequipe.fr,HTTP/2,105.59999999962747,408.69999999925494,2356.5,h2,True
2639,www.nymag.com,HTTP/2,98.79999999888241,611.0999999996275,2357.0999999996275,h2,True
2643,www.libsyn.com,HTTP/2,916.0999999996275,1346.7999999988824,1973.2999999988824,h2,True
2651,www.jimdofree.com,HTTP/2,190.2999999988824,205.69999999925494,312.8999999985099,h2,True
2655,www.loom.com,HTTP/2,254.69999999925494,289.69999999925494,2955.699999999255,h2,True
2666,www.lifehacker.com,HTTP/2,84.20000000111759,125.5,1298.5999999996275,h2,True
2668,www.moz.com,HTTP/2,138.2999999988824,917.7999999988824,2959.2999999988824,h2,True
2669,www.paramountplus.com,HTTP/2,435.2999999988824,1377.7999999988824,1889.199999999255,h2,True
2675,www.vogue.com,HTTP/2,65,483.40000000037253,2256.4000000003725,h2,True
2680,www.windy.com,HTTP/2,92.09999999962747,137.5,295.30000000074506,h2,True
2682,www.phantom.app,HTTP/2,176.30000000074506,221.5,438.2000000011176,h2,True
2691,www.jivox.com,HTTP/2,787.5999999996275,1251.800000000745,2563.5999999996275,http/1.1,True
2692,www.hostinger.com,HTTP/2,149.5,468.5,574.5,h2,True
2694,www.wa.link,HTTP/2,148.30000000074506,350.19999999925494,354.30000000074506,h2,True
2697,www.ahrefs.com,HTTP/2,205.19999999925494,462.2999999988824,2275.7999999988824,h2,True
2701,www.redbull.com,HTTP/2,279.40000000037253,416.59999999962747,2149.5999999996275,h2,True
2705,www.amazon.com.tr,HTTP/2,226.40000000037253,511.5,584.8000000007451,h2,True
2706,www.leroymerlin.com,HTTP/2,112.90000000037253,136.5,291.1000000014901,h2,True
2710,www.lazada.co.th,HTTP/2,777.1999999992549,2167.4000000003725,3525.4000000003725,h2,True
2711,www.fitbit.com,HTTP/2,764.1999999992549,893.1999999992549,1083.7999999988824,h2,True
2712,www.google.com.ar,HTTP/2,150.09999999962747,269.90000000037253,575.9000000003725,h2,True
2722,www.google.cz,HTTP/2,200.09999999962747,334.7999999988824,708.5,h2,True
2725,www.padlet.com,HTTP/2,509.59999999962747,743.1999999992549,812.6999999992549,h2,True
2732,www.perl.org,HTTP/2,448.69999999925494,1002.6999999992549,1266.3999999985099,h2,True
2734,www.unruly.co,HTTP/2,1770.0999999996275,2759.5999999996275,2906.0999999996275,h2,True
2737,www.wowjobs.ca,HTTP/2,114.09999999962747,230,231.19999999925494,h2,True
2738,www.memfault.com,HTTP/2,540.4000000003725,828.7000000011176,845.0999999996275,h2,True
2739,www.google.us,HTTP/2,260.40000000037253,387.40000000037253,816.9000000003725,h2,True
2740,www.thenai.org,HTTP/2,1094.300000000745,4042.5,4250.0999999996275,h2,True
2745,www.icanhazip.com,HTTP/2,52.09999999962747,63.69999999925494,64.09999999962747,h2,True
2746,www.xham.live,HTTP/2,321.80000000074506,1177.7000000011176,1580.5,h2,True
2749,www.google.com.vn,HTTP/2,183.59999999962747,332.7999999988824,712.0999999996275,h2,True
2751,www.tmall.com,HTTP/2,673.8999999985099,1513.3999999985099,4577.799999998882,h2,True
2759,www.fbi.gov,HTTP/2,104.7949999999255,125.9199999999255,292.679999999702,h2,True
2762,www.google.pt,HTTP/2,189.30000000074506,340.90000000037253,782.5999999996275,h2,True
2763,www.pushwoosh.com,HTTP/2,321.7999999988824,867.7999999988824,2145,h2,True
2764,www.google.gr,HTTP/2,204.19999999925494,404,788.8000000007451,h2,True
2771,www.int08h.com,HTTP/2,87.80000000074506,117.5,221.2000000011176,h2,True
2772,www.gog.com,HTTP/2,176.80000000074506,800.3000000007451,2611.800000000745,h2,True
2787,www.heart.org,HTTP/2,580.0999999996275,1805.699999999255,2525.300000000745,h2,True
2788,www.crazyegg.com,HTTP/2,219.40000000037253,540.6999999992549,558.9000000003725,h2,True
2801,www.zeit.de,HTTP/2,101.29999999888241,622.1999999992549,1461.8999999985099,h2,True
2803,www.vanityfair.com,HTTP/2,53.59999999962747,474.59999999962747,2029.0999999996275,h2,True
2806,www.osu.edu,HTTP/2,814,2019.6000000014901,3608.7000000011176,h2,True
2811,www.watchguard.com,HTTP/2,107.20000000111759,440.90000000037253,910.5,h2,True
2813,www.consumerreports.org,HTTP/2,161.40000000037253,175.5,467.59999999962747,h2,True
2814,www.expressen.se,HTTP/2,178.2000000011176,627.9000000003725,923.2000000011176,h2,True
2815,www.cancer.org,HTTP/2,187.2000000011176,1143.2000000011176,1716.300000000745,h2,True
2826,www.generatepress.com,HTTP/2,68.30000000074506,90.40000000037253,189.90000000037253,h2,True
2832,www.google.hu,HTTP/2,202.7999999988824,348.59999999962747,720.1999999992549,h2,True
2835,www.google.ro,HTTP/2,204.90000000037253,319.30000000074506,614,h2,True
2840,www.google.co.kr,HTTP/2,183.80000000074506,391.80000000074506,782.9000000003725,h2,True
2843,www.cosmopolitan.com,HTTP/2,99.19999999925494,375.80000000074506,1117.300000000745,h2,True
2848,www.grindr.com,HTTP/2,186.40000000037253,725.5999999996275,906.3000000007451,h2,True
2849,www.connectad.io,HTTP/2,167.5,717.5,1795.199999999255,h2,True
2852,www.google.ch,HTTP/2,180.40000000037253,343.5,694.6999999992549,h2,True
2859,www.2miners.com,HTTP/2,231.59999999962747,589.0999999996275,1173.800000000745,h2,True
2860,www.qualcomm.com,HTTP/2,48.20000000111759,874.7000000011176,881.2000000011176,h2,True
2862,www.google.com.co,HTTP/2,150.69999999925494,276.40000000037253,580.5999999996275,h2,True
2868,www.netgate.com,HTTP/2,229.09999999962747,1092.800000000745,1674,h2,True
2869,www.smartsheet.com,HTTP/2,83.59999999962747,1301,4005.2999999988824,h2,True
2872,www.doordash.com,HTTP/2,80.8300000000745,101.69500000029802,198.2000000011176,h2,True
2875,www.esquire.com,HTTP/2,83.5,129.90000000037253,982.8000000007451,h2,True
2876,www.cell.com,HTTP/2,74.01999999955297,98.74499999918044,184.19500000029802,h2,True
2884,www.undp.org,HTTP/2,402.59999999962747,790.0999999996275,2004.0999999996275,h2,True
2890,www.clickup.com,HTTP/2,313.59999999962747,594.4000000003725,2181.9000000003725,h2,True
2893,www.google.cl,HTTP/2,183.30000000074506,408.30000000074506,769.1999999992549,h2,True
2895,www.ninjarmm.com,HTTP/2,477.7999999988824,996.4000000003725,1603.4000000003725,h2,True
2899,www.amung.us,HTTP/2,761.2999999988824,1482.5999999996275,2027.4000000003725,h2,True
2919,www.meta.com,HTTP/2,238.40000000037253,1542.300000000745,2050.0999999996275,h2,True
2928,www.notion.site,HTTP/2,445.7000000011176,502.40000000037253,1248.4000000003725,h2,True
2929,www.momentohq.com,HTTP/2,1430.5999999996275,1876.3999999985099,2595.39999999851,h2,True
2935,www.urbandictionary.com,HTTP/2,68.30000000074506,362.30000000074506,615.9000000003725,h2,True
2941,www.quillbot.com,HTTP/2,115.93000000156462,138.13500000163913,613.6150000002235,h2,True
2945,www.ex.co,HTTP/2,1132.2000000011176,1867.5,2800.7000000011176,h2,True
2946,www.goodhousekeeping.com,HTTP/2,113.09999999962747,158.90000000037253,1568.2000000011176,h2,True
2949,www.theregister.com,HTTP/2,134.7999999988824,343.40000000037253,1037.4000000003725,h2,True
2962,www.elle.com,HTTP/2,80.09999999962747,113.40000000037253,1011.9000000003725,h2,True
2965,www.1688.com,HTTP/2,829.9000000003725,2298.0999999996275,6051.5999999996275,h2,True
2966,www.google.com.pe,HTTP/2,206.7000000011176,372.2000000011176,830.9000000003725,h2,True
2973,www.chron.com,HTTP/2,334.09999999962747,351.59999999962747,849.0999999996275,h2,True
2976,www.kolesa.kz,HTTP/2,1360.5999999996275,3039.39999999851,4429,h2,True
2981,www.mountain.com,HTTP/2,1507.7000000011176,1954.5999999996275,3058,h2,True
2993,www.unimelb.edu.au,HTTP/2,2038.4000000003725,3386.9000000003725,4205.799999998882,h2,True
2997,www.blogspot.co.uk,HTTP/2,788.9000000003725,1010.5,1291.7000000011176,h2,True
3002,www.crypto.com,HTTP/2,129.09999999962747,695.6999999992549,723.3999999985099,h2,True
3003,www.inmotionhosting.com,HTTP/2,312.30000000074506,761.5999999996275,1726.7000000011176,h2,True
3005,www.google.com.ua,HTTP/2,177.5,315.19999999925494,695.7999999988824,h2,True
3008,www.demandbase.com,HTTP/2,126.80000000074506,511.1000000014901,861.1000000014901,h2,True
3012,www.walgreens.com,HTTP/2,211.80000000074506,1070.7000000011176,1187.800000000745,h2,True
3017,www.ay.delivery,HTTP/2,580.1000000014901,595.6000000014901,596,h2,True
3018,www.hexsdk.com,HTTP/2,539.6999999992549,1300.699999999255,1518,h2,True
3025,www.piano.io,HTTP/2,150.2999999988824,553.2999999988824,588.6999999992549,h2,True
3037,www.vrbo.com,HTTP/2,117.20000000111759,1311.0999999996275,1651.4000000003725,h2,True
3041,www.ask.com,HTTP/2,87.09999999962747,327.40000000037253,4392.699999999255,h2,True
3046,www.minepi.com,HTTP/2,1305.199999999255,1468.7999999988824,1603.199999999255,h2,True
3055,www.skimresources.com,HTTP/2,96.40000000037253,269.40000000037253,361.1000000014901,h2,True
3066,www.gumroad.com,HTTP/2,234.09999999962747,461.40000000037253,469.40000000037253,h2,True
3082,www.thehindu.com,HTTP/2,161.60000000149012,980.9000000003725,2205.5,h2,True
3087,www.hotels.com,HTTP/2,0.8000000007450581,96.40000000037253,100.60000000149012,,True
3103,www.bitly.com,HTTP/2,337.8999999985099,765.5,993.2999999988824,h2,True
3105,www.nokia.com,HTTP/2,186.69999999925494,202.40000000037253,202.80000000074506,h2,True
3120,www.thuvienphapluat.vn,HTTP/2,1416.9000000003725,2290.7000000011176,5902.5,h2,True
3122,www.straitstimes.com,HTTP/2,97,566,3772.800000000745,h2,True
3124,www.unrealengine.com,HTTP/2,70.26000000163913,93.3600000012666,203.44500000029802,h2,True
3128,www.auvik.com,HTTP/2,255.40000000037253,865.5,1564.0999999996275,h2,True
3129,www.aylanetworks.com,HTTP/2,123.30000000074506,1083.2000000011176,2222.800000000745,h2,True
3131,www.livemint.com,HTTP/2,86.19999999925494,315.80000000074506,1292.300000000745,h2,True
3135,www.boredpanda.com,HTTP/2,785.4000000003725,2100.699999999255,3192.5999999996275,h2,True
3147,www.cpan.org,HTTP/2,71.80000000074506,151.59999999962747,318.80000000074506,h2,True
3168,www.flightradar24.com,HTTP/2,77.69999999925494,273.7999999988824,1966.5999999996275,h2,True
3176,www.liveintent.com,HTTP/2,231.59999999962747,602.3000000007451,698.2000000011176,h2,True
3178,www.google.com.sg,HTTP/2,160,310.69999999925494,676.1999999992549,h2,True
3179,www.redbubble.com,HTTP/2,66.17999999970198,85.18999999947846,176.94500000029802,h2,True
3203,www.n1info.rs,HTTP/2,197.90000000037253,703.9000000003725,1526.5999999996275,h2,True
3207,www.upmusics.com,HTTP/2,1428.5,1460.7000000011176,1676.7000000011176,h2,True
3208,www.apptentive.com,HTTP/2,856.9000000003725,1190.800000000745,1401.800000000745,h2,True
3212,www.thingiverse.com,HTTP/2,83.3899999987334,104.8449999988079,196.10500000044703,h2,True
3216,www.ohchr.org,HTTP/2,90.53500000014901,108.38499999977648,252.74000000022352,h2,True
3217,www.pypi.org,HTTP/2,110.79999999888241,128.7999999988824,428.09999999962747,h2,True
3224,www.medscape.com,HTTP/2,516.1000000014901,1233.300000000745,1544.7000000011176,h2,True
3226,www.cedexis.com,HTTP/2,65.60000000149012,80.20000000111759,283.5,h2,True
3233,www.elong.com,HTTP/2,2035.0999999996275,2695.5999999996275,3814.300000000745,h2,True
3244,www.69shuba.com,HTTP/2,59.40000000037253,263.59999999962747,660.3000000007451,h2,True
3262,www.brstej.com,HTTP/2,1441.300000000745,2242,2653.9000000003725,h2,True
3271,www.trustedstack.com,HTTP/2,618.5,910.7999999988824,1713.2999999988824,h2,True
3273,www.helpshift.com,HTTP/2,227.09999999962747,926.7999999988824,929.5,h2,True
3282,www.zapier.com,HTTP/2,161.30000000074506,312.2000000011176,2794.0999999996275,h2,True
3285,www.jpost.com,HTTP/2,170.30000000074506,586.9000000003725,3723.5,h2,True
3289,www.ecwid.com,HTTP/2,237.69999999925494,750.4000000003725,986.5999999996275,h2,True
3290,www.ijavhd.com,HTTP/2,117.5,234,1173.3999999985099,h2,True
3291,www.thestreet.com,HTTP/2,124.19999999925494,172.69999999925494,362.59999999962747,h2,True
3295,www.wistia.com,HTTP/2,177.59999999962747,215.19999999925494,581.9000000003725,h2,True
3299,www.komikindo2.com,HTTP/2,647.9000000003725,670.1999999992549,710.0999999996275,h2,True
3301,www.google.co.za,HTTP/2,179.09999999962747,315.7000000011176,755.5999999996275,h2,True
3306,www.surahquran.com,HTTP/2,523.7000000011176,941.3000000007451,1605.300000000745,h2,True
3311,www.paypal.me,HTTP/2,1308.0999999996275,1435.4000000003725,2280.9000000003725,h2,True
3313,www.anime-world.co,HTTP/2,0.6999999992549419,449.69999999925494,476,,True
3316,www.google.dk,HTTP/2,168.5,311.5,674.6999999992549,h2,True
3322,www.qnap.com,HTTP/2,65.79999999888241,664.8999999985099,816.7999999988824,h2,True
3326,www.nerdwallet.com,HTTP/2,447.40000000037253,876.4000000003725,3034,h2,True
3332,www.vailonxx.co,HTTP/2,2691.699999999255,3672.9000000003725,3674.5999999996275,h2,True
3339,www.moviesda.cool,HTTP/2,1130.5,1482.9000000003725,1484.9000000003725,h2,True
3346,www.google.fi,HTTP/2,174.09999999962747,362.80000000074506,716.9000000003725,h2,True
3347,www.greenpeace.org,HTTP/2,888.0999999996275,1138.800000000745,1591.5999999996275,h2,True
3350,www.google.co.il,HTTP/2,1188.9000000003725,1321.7999999988824,1578.5999999996275,h2,True
3352,www.chegg.com,HTTP/2,388.40000000037253,405.59999999962747,450.90000000037253,h2,True
3358,www.nbc.com,HTTP/2,207.69999999925494,710.5,1972.199999999255,h2,True
3361,www.cricbet99.club,HTTP/2,72.09999999962747,201.80000000074506,850.9000000003725,h2,True
3373,www.kolkataff.tv,HTTP/2,1553.2999999988824,1966.9000000003725,1967.2999999988824,h2,True
3380,www.xhamsterlive.com,HTTP/2,161.40000000037253,681.7999999988824,1050.5999999996275,h2,True
3382,www.snowflake.com,HTTP/2,776.1999999992549,1080.5999999996275,1485.5999999996275,h2,True
3383,www.google.co.nz,HTTP/2,151.5,263.7999999988824,559.6999999992549,h2,True
3387,www.box.net,HTTP/2,321.6000000014901,678.2000000011176,809.2000000011176,h2,True
3388,www.guard.io,HTTP/2,680,1504.699999999255,2183.4000000003725,h2,True
3398,www.nobelprize.org,HTTP/2,79.29999999888241,432.09999999962747,2077.5,h2,True
3403,www.aidemsrv.com,HTTP/2,524.5999999996275,882.3000000007451,1386,h2,True
3404,www.timesofisrael.com,HTTP/2,114.14000000059605,134.67999999970198,220.08500000089407,h2,True
3406,www.codepen.io,HTTP/2,223.69500000029802,245.64499999955297,404.6699999999255,h2,True
3407,www.google.ie,HTTP/2,202.90000000037253,332.2000000011176,667.6000000014901,h2,True
3408,www.a2hosting.com,HTTP/2,253.30000000074506,520.9000000003725,1091.7000000011176,h2,True
3418,www.9gag.com,HTTP/2,290.5,390.5,812.1999999992549,h2,True
3420,www.arkoselabs.com,HTTP/2,247.39999999850988,756.7999999988824,2808.5,h2,True
3425,www.aviasales.ru,HTTP/2,127.90000000037253,937.7000000011176,4208.800000000745,h2,True
3433,www.fastly-insights.com,HTTP/2,335.30000000074506,762.9000000003725,763.2000000011176,h2,True
3434,www.hubspot.net,HTTP/2,407.7000000011176,1301.300000000745,1572.1000000014901,h2,True
3450,www.blismedia.com,HTTP/2,881.3999999985099,2026.8999999985099,2372.89999999851,h2,True
3456,www.tripadvisor.co.uk,HTTP/2,250.2999999988824,323.69999999925494,571.4000000003725,h2,True
3458,www.envato.com,HTTP/2,370,737.6999999992549,1735.699999999255,h2,True
3461,www.google.bg,HTTP/2,181.7000000011176,334.09999999962747,746.5,h2,True
3464,www.shodan.io,HTTP/2,58.59999999962747,285.40000000037253,329.09999999962747,h2,True
3466,www.myanimelist.net,HTTP/2,633.8000000007451,1770.5,2671.5999999996275,h2,True
3469,www.page.link,HTTP/2,208.60000000149012,223.2000000011176,224.40000000037253,h2,True
3470,www.adthrive.com,HTTP/2,2017.800000000745,2266.5,3337.2000000011176,h2,True
3472,www.abc.es,HTTP/2,97.80000000074506,493.5,2579.300000000745,h2,True
3475,www.sueddeutsche.de,HTTP/2,63.79999999888241,983.5,1665.0999999996275,h2,True
3484,www.gitbook.io,HTTP/2,230.09999999962747,915,1038.5999999996275,h2,True
3495,www.repocket.com,HTTP/2,706.7000000011176,1027.300000000745,2794.2000000011176,h2,True
3515,www.breitbart.com,HTTP/2,114.70000000111759,497.80000000074506,2245.9000000003725,h2,True
3523,www.ubereats.com,HTTP/2,460.19999999925494,505.5,1662.5999999996275,h2,True
3524,www.google.sk,HTTP/2,187,337.09999999962747,729.5999999996275,h2,True
3525,www.media6degrees.com,HTTP/2,1565.4000000003725,1782.7999999988824,1965,h2,True
3528,www.sofascore.com,HTTP/2,62.79999999888241,107.09999999962747,2063.199999999255,h2,True
3534,www.hetzner.com,HTTP/2,118.19999999925494,584.5999999996275,623.1999999992549,h2,True
3543,www.traveloka.com,HTTP/2,124,486,1234.2999999988824,h2,True
3546,www.google.com.eg,HTTP/2,192,349.30000000074506,845.5,h2,True
3547,www.menshealth.com,HTTP/2,89.80000000074506,135.30000000074506,1034.300000000745,h2,True
3555,www.google.hr,HTTP/2,167.60000000149012,322.1000000014901,674.6000000014901,h2,True
3558,www.news24.com,HTTP/2,75.43500000052154,95.12000000104308,918.9600000008941,h2,True
3566,www.tomsguide.com,HTTP/2,108.80000000074506,696.6999999992549,1291.199999999255,h2,True
3570,www.unep.org,HTTP/2,245,635.0999999996275,1611.300000000745,h2,True
3573,www.pxf.io,HTTP/2,90.40000000037253,104,104.59999999962747,h2,True
3574,www.wireshark.org,HTTP/2,53.69999999925494,558.3000000007451,992.5,h2,True
3575,www.softonic.com,HTTP/2,276.40000000037253,598.2000000011176,790.4000000003725,h2,True
3584,www.space.com,HTTP/2,102.19999999925494,545.5,956.4000000003725,h2,True
3588,www.study.com,HTTP/2,106,175.2999999988824,369.09999999962747,h2,True
3593,www.lazada.com.my,HTTP/2,1506.9000000003725,2889.60000000149,4498.5,h2,True
3595,www.celtra.com,HTTP/2,978.5999999996275,1209.300000000745,1504.5,h2,True
3598,www.moodle.com,HTTP/2,709.625,730.9499999992549,813.5500000007451,h2,True
3599,www.news18.com,HTTP/2,955.5,1369.800000000745,1423,h2,True
3601,www.google.com.ph,HTTP/2,187,365.5,895.6999999992549,h2,True
3605,www.mysterium.network,HTTP/2,175.09999999962747,501.19999999925494,788.5,h2,True
3609,www.colorlib.com,HTTP/2,1384.3999999985099,1509.5999999996275,1591.3999999985099,h2,True
3610,www.yle.fi,HTTP/2,326.2999999988824,394.09999999962747,1267.9000000003725,h2,True
3614,www.backblaze.com,HTTP/2,299.09999999962747,812.0999999996275,2159.5999999996275,h2,True
3616,www.adweek.com,HTTP/2,417.40000000037253,1100.5999999996275,3353.7999999988824,h2,True
3618,www.google.no,HTTP/2,184.09999999962747,326.30000000074506,772.7000000011176,h2,True
3619,www.cyberark.com,HTTP/2,301.5,1284.7999999988824,8107.4000000003725,h2,True
3625,www.mastodon.social,HTTP/2,311.69999999925494,658.1999999992549,1315.699999999255,h2,True
3626,www.rtbhouse.com,HTTP/2,147.09999999962747,179.90000000037253,844.1999999992549,h2,True
3627,www.arduino.cc,HTTP/2,327,361,2140.4000000003725,h2,True
3637,www.statefarm.com,HTTP/2,195.5,210.40000000037253,210.90000000037253,h2,True
3648,www.sjv.io,HTTP/2,118.39999999850988,135.19999999925494,135.59999999962747,h2,True
3653,www.stuff.co.nz,HTTP/2,15.600000001490116,69,913.2000000011176,h2,True
3654,www.howtogeek.com,HTTP/2,521.6999999992549,811.1999999992549,1303.4000000003725,h2,True
3667,www.xlivrdr.com,HTTP/2,87.69999999925494,98.40000000037253,98.80000000074506,h2,True
3689,www.dreamstime.com,HTTP/2,137.7000000011176,498.40000000037253,1253.2000000011176,h2,True
3701,www.google.com.my,HTTP/2,164.40000000037253,354,742.0999999996275,h2,True
3703,www.remotepc.com,HTTP/2,860.5999999996275,888.1999999992549,1719.9000000003725,h2,True
3710,www.termsfeed.com,HTTP/2,56.350000001490116,84.5800000000745,161.0800000000745,h2,True
3719,www.ourworldindata.org,HTTP/2,117.80000000074506,455,989,h2,True
3722,www.anyclip.com,HTTP/2,1247,2274.0999999996275,3326.199999999255,h2,True
3733,www.t.ly,HTTP/2,2123.4550000000745,2147.4000000003725,2235.125,h2,True
3736,www.pcgamer.com,HTTP/2,73.40000000037253,154.30000000074506,1052,h2,True
3757,www.outlookindia.com,HTTP/2,657,1904.4000000003725,1937.9000000003725,h2,True
3762,www.zebra.com,HTTP/2,131.5,1269.699999999255,3074.0999999996275,h2,True
3771,www.amnesty.org,HTTP/2,157.69999999925494,899.8999999985099,903.1999999992549,h2,True
3772,www.politico.eu,HTTP/2,215,792.0999999996275,1317.0999999996275,h2,True
3779,www.feedly.com,HTTP/2,132.60000000149012,154.60000000149012,426,h2,True
3782,www.domaintools.com,HTTP/2,278.09999999962747,790.7000000011176,1292,h2,True
3785,www.rte.ie,HTTP/2,94.69999999925494,797.6999999992549,1730,h2,True
3787,www.thetimes.com,HTTP/2,362.30000000074506,984.2000000011176,6281,h2,True
3788,www.virustotal.com,HTTP/2,338,356.40000000037253,1970.0999999996275,h2,True
3796,www.lazada.vn,HTTP/2,1198.300000000745,2342.4000000003725,3662.10000000149,h2,True
3798,www.virginmedia.com,HTTP/2,105.69999999925494,315,1039.0999999996275,h2,True
3803,www.popularmechanics.com,HTTP/2,85.20000000111759,135.40000000037253,1055.800000000745,h2,True
3814,www.1isaidub.net,HTTP/2,1129,1497.199999999255,1553,h2,True
3821,www.takeaway.com,HTTP/2,94.43500000052154,116.55000000074506,202.75,h2,True
3823,www.paypalobjects.com,HTTP/2,89.79999999888241,101.19999999925494,852,h2,True
3824,www.wixapps.net,HTTP/2,314.59999999962747,331,542.1999999992549,h2,True
3832,www.romarg.com,HTTP/2,240.7999999988824,657.2999999988824,722.5999999996275,h2,True
3835,www.matillion.com,HTTP/2,239.7999999988824,1502.5,4356.199999999255,h2,True
3837,www.findlaw.com,HTTP/2,71.66499999910593,92.67999999970198,182.285000000149,h2,True
3844,www.google.ae,HTTP/2,156.90000000037253,324.7999999988824,682,h2,True
3855,www.arlo.com,HTTP/2,86.8300000000745,104.375,191.39999999850988,h2,True
3859,www.flightaware.com,HTTP/2,494.30000000074506,808.7000000011176,1443.4000000003725,h2,True
3872,www.protechts.net,HTTP/2,206.80000000074506,222.80000000074506,223.09999999962747,h2,True
3875,www.yolasite.com,HTTP/2,97.47000000067055,117.71000000089407,199.2050000000745,h2,True
3877,www.pinduoduo.com,HTTP/2,702.3999999985099,723.3999999985099,2291.5999999996275,h2,True
3883,www.wordreference.com,HTTP/2,109.69999999925494,233.09999999962747,439.7999999988824,h2,True
3890,www.archlinux.org,HTTP/2,209.19999999925494,229,338.5,h2,True
3892,www.spreaker.com,HTTP/2,567.0999999996275,741.6999999992549,1366.699999999255,h2,True
3894,www.google.com.pk,HTTP/2,160.5,298.40000000037253,634.2000000011176,h2,True
3896,www.binance.info,HTTP/2,614.9000000003725,1864,2035,h2,True
3903,www.wurl.com,HTTP/2,297.09999999962747,704.1999999992549,1679.800000000745,h2,True
3908,www.themegrill.com,HTTP/2,1752.699999999255,3182.9000000003725,3226.5999999996275,h2,True
3909,www.google.rs,HTTP/2,235.19999999925494,370.09999999962747,724.6999999992549,h2,True
3917,www.mercedes-benz.com,HTTP/2,78.30000000074506,94,94.5,h2,True
3925,www.coca-cola.com,HTTP/2,182.30000000074506,453.2000000011176,926.5,h2,True
3932,www.nocookie.net,HTTP/2,578.3000000007451,1724.0999999996275,2145.2000000011176,h2,True
3947,www.findagrave.com,HTTP/2,82.59999999962747,107,118.79999999888241,h2,True
3954,www.abtasty.com,HTTP/2,153.80000000074506,575.9000000003725,1683,h2,True
3956,www.gamesradar.com,HTTP/2,108,200.19999999925494,1012,h2,True
3975,www.brevo.com,HTTP/2,424.7000000011176,883.5999999996275,977.8000000007451,h2,True
3981,www.pbskids.org,HTTP/2,92.5,455.30000000074506,945.4000000003725,h2,True
3984,www.ripe.net,HTTP/2,177.90000000037253,494.80000000074506,520.1000000014901,h2,True
3988,www.fortnite.com,HTTP/2,87.4199999999255,110.67999999970198,207.81000000052154,h2,True
3993,www.parade.com,HTTP/2,82.10000000149012,167.7000000011176,422.1000000014901,h2,True
3997,www.365scores.com,HTTP/2,474.7000000011176,496.09999999962747,1102.800000000745,h2,True
4002,www.ap.org,HTTP/2,125.40000000037253,695.9000000003725,722.5999999996275,h2,True
4006,www.zoominfo.com,HTTP/2,154.5,169,1504.5,h2,True
4013,www.myfitnesspal.com,HTTP/2,234.90000000037253,645.3000000007451,940.7000000011176,h2,True
4014,www.atlasobscura.com,HTTP/2,43.09999999962747,1583.7999999988824,4258.299999998882,h2,True
4016,www.google.by,HTTP/2,181.59999999962747,308.8999999985099,624.5,h2,True
4017,www.financialexpress.com,HTTP/2,333.59999999962747,1295.5999999996275,1368.300000000745,h2,True
4018,www.penguinrandomhouse.com,HTTP/2,226.39999999850988,729.1999999992549,2903.699999999255,h2,True
4022,www.google.kz,HTTP/2,196.5,418.80000000074506,757.5999999996275,h2,True
4028,www.google.com.sa,HTTP/2,167.59999999962747,314.69999999925494,605.3999999985099,h2,True
4029,www.sciencealert.com,HTTP/2,638.5,668.4000000003725,1265.9000000003725,h2,True
4041,www.google.lv,HTTP/2,147.40000000037253,292,669,h2,True
4047,www.gq.com,HTTP/2,74.29999999888241,478.69999999925494,1955.9000000003725,h2,True
4048,www.laroza.now,HTTP/2,257,472.40000000037253,558.5,h2,True
4050,www.prtimes.jp,HTTP/2,159.89999999850988,199.89999999850988,1751.699999999255,h2,True
4055,www.macrumors.com,HTTP/2,67,327.30000000074506,1404,h2,True
4058,www.thenextweb.com,HTTP/2,176,819.8000000007451,1714.5,h2,True
4059,www.bbcgoodfood.com,HTTP/2,105.19999999925494,497.19999999925494,2034.0999999996275,h2,True
4063,www.smartproxy.com,HTTP/2,397.19999999925494,805.7999999988824,833.7999999988824,h2,True
4066,www.thinkwithgoogle.com,HTTP/2,461,814.5999999996275,1374.0999999996275,h2,True
4072,www.wondershare.com,HTTP/2,92.79999999888241,880.3999999985099,2098.5,h2,True
4074,www.clickmeeting.com,HTTP/2,223,643.7999999988824,1281.9000000003725,h2,True
4081,www.google.co.cr,HTTP/2,186.19999999925494,324.69999999925494,614,h2,True
4083,www.google.co.ve,HTTP/2,172.2999999988824,321.3999999985099,659.7999999988824,h2,True
4087,www.google.lt,HTTP/2,257.7999999988824,455.5,815,h2,True
4088,www.google.si,HTTP/2,193.60000000149012,343.30000000074506,716,h2,True
4106,www.alarabiya.net,HTTP/2,129.40000000037253,152.09999999962747,234.09999999962747,h2,True
4111,www.bustle.com,HTTP/2,57.5,89.90000000037253,1160.9000000003725,h2,True
4113,www.ziprecruiter.com,HTTP/2,863.8150000013411,892.75,985.7600000016391,h2,True
4114,www.knowbe4.com,HTTP/2,82.10000000149012,1127.4000000003725,1689.1000000014901,h2,True
4117,www.googleoptimize.com,HTTP/2,183,195.2000000011176,298.2000000011176,h2,True
4118,www.bollyflix.phd,HTTP/2,133.7999999988824,259.19999999925494,266.19999999925494,h2,True
4119,www.google.com.ec,HTTP/2,159.19999999925494,347.3999999985099,692.5,h2,True
4120,www.illumin.com,HTTP/2,565.5,1394.0999999996275,1881.4000000003725,h2,True
4131,www.chrome.com,HTTP/2,206,607.4000000003725,657.9000000003725,h2,True
4132,www.google.com.gt,HTTP/2,219.59999999962747,355.30000000074506,723.1999999992549,h2,True
4137,www.colostate.edu,HTTP/2,334,1345.3999999985099,2859.89999999851,h2,True
4147,www.foreignpolicy.com,HTTP/2,134.19999999925494,704.0999999996275,5672.5,h2,True
4148,www.vidio.com,HTTP/2,992.1000000014901,1285.800000000745,1664.4000000003725,h2,True
4150,www.polygon.com,HTTP/2,248.80000000074506,302.40000000037253,1281.4000000003725,h2,True
4154,www.huffingtonpost.co.uk,HTTP/2,91,542.7999999988824,1779.0999999996275,h2,True
4167,www.google.com.bd,HTTP/2,167,397.69999999925494,780.0999999996275,h2,True
4170,www.google.ee,HTTP/2,174.40000000037253,326.69999999925494,712.6999999992549,h2,True
4172,www.google.com.uy,HTTP/2,189.59999999962747,309.5,596.7999999988824,h2,True
4176,www.womenshealthmag.com,HTTP/2,272.19999999925494,318.40000000037253,1172,h2,True
4179,www.propublica.org,HTTP/2,156.19999999925494,825,1827.699999999255,h2,True
4180,www.flipsnack.com,HTTP/2,83.60000000149012,369.2000000011176,419.80000000074506,h2,True
4187,www.amazon.ae,HTTP/2,168.2000000011176,283.7000000011176,359.5,h2,True
4189,www.qqq-ttss.su,HTTP/2,643.7999999988824,1663.5,2656.7999999988824,h2,True
4191,www.google.com.do,HTTP/2,202.2999999988824,362,797.8999999985099,h2,True
4201,www.ruijienetworks.com,HTTP/2,1330.9000000003725,8422.800000000745,11528.099999999627,h2,True
4204,www.rediff.com,HTTP/2,203.80000000074506,426.7000000011176,1471,h2,True
4209,www.payfit.com,HTTP/2,148.59999999962747,472.59999999962747,2107.5,h2,True
4212,www.collider.com,HTTP/2,667.4000000003725,998,1499.4000000003725,h2,True
4216,www.google.ba,HTTP/2,170.30000000074506,296.40000000037253,591.9000000003725,h2,True
4217,www.google.dz,HTTP/2,225.90000000037253,385.30000000074506,823.5,h2,True
4219,www.buffer.com,HTTP/2,145.39999999850988,390.8999999985099,467,h2,True
4224,www.theregister.co.uk,HTTP/2,190.19999999925494,395.8999999985099,1083.699999999255,h2,True
4229,www.tappx.com,HTTP/2,105.19999999925494,408.19999999925494,573.2999999988824,h2,True
4231,www.routledge.com,HTTP/2,814.4000000003725,1035.9000000003725,2658.800000000745,h2,True
4239,www.vlgaimup.pro,HTTP/2,1402.5699999984354,1424.5,1710.6049999985844,h2,True
4240,www.searchengineland.com,HTTP/2,83.80000000074506,105.35500000044703,947.945000000298,h2,True
4241,www.aviasales.com,HTTP/2,242.40000000037253,623.5,3242.9000000003725,h2,True
4244,www.mailerlite.com,HTTP/2,470.40000000037253,670.0999999996275,1355.699999999255,h2,True
4246,www.faceit.com,HTTP/2,67.26500000059605,86.62000000104308,183.32000000029802,h2,True
4247,www.google.com.pr,HTTP/2,168,295.69999999925494,575.3999999985099,h2,True
4249,www.hdhub4u.soccer,HTTP/2,903.1999999992549,1412.5,1760.199999999255,h2,True
4254,www.frameo.net,HTTP/2,191.59999999962747,612.7999999988824,617.8999999985099,h2,True
4255,www.nationalpost.com,HTTP/2,289.8999999985099,1036,2379,h2,True
4256,www.tomshardware.com,HTTP/2,82.79999999888241,500.59999999962747,1275.2999999988824,h2,True
4259,www.unsw.edu.au,HTTP/2,407.30000000074506,890.1000000014901,1800,h2,True
4260,www.peatix.com,HTTP/2,678.2999999988824,694.5,695,h2,True
4264,www.gist.build,HTTP/2,212.69999999925494,686.7999999988824,696.9000000003725,h2,True
4267,www.bluecava.com,HTTP/2,167.80000000074506,568.0999999996275,940.5999999996275,h2,True
4268,www.5movierulz.ag,HTTP/2,1057.9000000003725,1617.5,1788.1000000014901,h2,True
4270,www.filmyzilla5.com,HTTP/2,970.3000000007451,1339.1000000014901,1641,h2,True
4276,www.blogspot.de,HTTP/2,902.4000000003725,1123.5999999996275,1351.300000000745,h2,True
4279,www.xn--72cc8aul7gxbl0d4etdk.com,HTTP/2,560.2000000011176,583.3000000007451,799.3000000007451,h2,True
4281,www.mp4moviez.rodeo,HTTP/2,2492.2999999988824,2726.7999999988824,3413.699999999255,h2,True
4287,www.justwatch.com,HTTP/2,91.69999999925494,370.90000000037253,600.5999999996275,h2,True
4289,www.dpbossattamatka.net,HTTP/2,1471.699999999255,1831.0999999996275,1836.5,h2,True
4291,www.chewy.com,HTTP/2,0.8000000007450581,667.5999999996275,688.8000000007451,,True
4293,www.dpbossnet.services,HTTP/2,1014.3999999985099,1161.2999999988824,1166.0999999996275,h2,True
4299,www.dpbosss.services,HTTP/2,829.5,1168.4000000003725,1174.0999999996275,h2,True
